recording_id,source_file,condition_raw,condition_name,condition_encoded,speed_rpm,repetition,n_samples,n_columns,sensor_1_name,sensor_2_name,sensor_3_name,missing_values,numeric_type,file_sha256,numeric_sha256,minimum,maximum,length_iqr_flag,shorter_than_800
0_159_1,RawData/0_159_1.csv,0,0.5 kg load,0,159,1,4488,3,Tansometr 1,Tensometr 2,Tensometr 3,0,float64,077ae00dda1c7d33396138d44a58c419f5b0637b822b85bbedd5fec2c099a0fb,532966109b1ed6265525c02a4a2131cb45725bd65d1ee73ad90531fcfcf4cc2f,180.0,2836.0,False,False
0_159_2,RawData/0_159_2.csv,0,0.5 kg load,0,159,2,4488,3,Tansometr 1,Tensometr 2,Tensometr 3,0,float64,92b9dedd929117e20b0e8b6c74c4cb178d8e0d969ccc78ed0da1146b7b237930,d62de4b8a59772ee55118ff1f7596b6d9f720a54ec3133cd12cff93f4473e45d,43.0,3443.0,False,False
0_159_3,RawData/0_159_3.csv,0,0.5 kg load,0,159,3,5330,3,Tansometr 1,Tensometr 2,Tensometr 3,0,float64,5542a98e24da8c086fe36eea070ce23bdd50fdc3ee23b7e781d590626dc51553,aa303ac8ea2f7410775edea498843b243e74949465b3fd88be8c8f07736f1859,162.0,2425.0,True,False
0_318_1,RawData/0_318_1.csv,0,0.5 kg load,0,318,1,2772,3,Tansometr 1,Tensometr 2,Tensometr 3,0,float64,f22c907d0c6a4070e23c5704b60c2355a6fcad4792458f4fd0ec07b9d33fcda3,5c60f1c9cde0b0d68beed95871d87faa9f37b9045828b4b8a9f804e95e8f47dd,181.0,3439.0,False,False
0_318_2,RawData/0_318_2.csv,0,0.5 kg load,0,318,2,2800,3,Tansometr 1,Tensometr 2,Tensometr 3,0,float64,7a96f314138207a8ca8d4267d32df9dbe95a6b6747825ae3513d9ba91bafb191,5326e009e90e1b9408ebf00dec06ad2d45c99c5803c05976463e8b3d9816fb3b,189.0,3438.0,False,False
0_318_3,RawData/0_318_3.csv,0,0.5 kg load,0,318,3,2917,3,Tansometr 1,Tensometr 2,Tensometr 3,0,float64,2b374db211237caa06325a2c3b957f8ce62e9f7e5b831822a1b762f124215ee8,d0d25438483db154f0e047df11a67bd74120cd979be808fd476c78e607c9bc0d,200.0,3334.0,False,False
0_540_1,RawData/0_540_1.csv,0,0.5 kg load,0,540,1,2151,3,Tensometr 1,Tensometr 2,Tensometr 3,0,float64,a9e77f35c3cf063ae9acf1b649466d8b1508b2d7c2e5bff861fdf9b9f646ac14,216f63d9a58963165f267e2b4b40fb6dd18453cbb04e0f0d91f417fa25c2d4db,209.0,3448.0,False,False
0_540_2,RawData/0_540_2.csv,0,0.5 kg load,0,540,2,2151,3,Tensometr 1,Tensometr 2,Tensometr 3,0,float64,556d48a190c606f57a16bd8b000e0cd46d6ebff58500670caf1465beffff1c84,216f63d9a58963165f267e2b4b40fb6dd18453cbb04e0f0d91f417fa25c2d4db,209.0,3448.0,False,False
0_540_3,RawData/0_540_3.csv,0,0.5 kg load,0,540,3,2148,3,Tensometr 1,Tensometr 2,Tensometr 3,0,float64,78265ca1702c2967fc675cae411478b7501d69b58f38ebe3c4ae80b5940b16de,5b3b21c7467fd045ae0692a64158f2edcd68848fdd7372400936473b0f06be50,214.0,3452.0,False,False
1_159_1,RawData/1_159_1.csv,1,1 kg load,1,159,1,4617,3,Tensometr 1,Tensometr 2,Tensometr 3,0,float64,174300f11d45351c5e01747fcdadff6e50f27b06d1b79038b3ced1949ef3d7cb,ba7d449b1e90f11e06f00359709a0cf89a66b11cd05ed00e65a271652ab4d100,184.0,2373.0,False,False
1_159_2,RawData/1_159_2.csv,1,1 kg load,1,159,2,4487,3,Tensometr 1,Tensometr 2,Tensometr 3,0,float64,3f48f718d1348ab6b4c601c33427f442782daa0fd815b338626065e228b7ab97,4738cb77ca5400741117c276bc975d7e3defbdf9ad00e78a9d02d34b16e5aebc,158.0,3443.0,False,False
1_159_3,RawData/1_159_3.csv,1,1 kg load,1,159,3,4539,3,Tensometr 1,Tensometr 2,Tensometr 3,0,float64,98653afb26260c60120e174eb013ad1076f938041a0788c41ee47ba7f6967b63,dec6d95b3834aa07bb438b07136f58fffa4d5ef374f27ce9943286241488e2a0,161.0,3437.0,False,False
1_318_1,RawData/1_318_1.csv,1,1 kg load,1,318,1,2830,3,Tensometr 1,Tensometr 2,Tensometr 3,0,float64,131add4ba6778a62e7ff06e4004a78441fb5cc078eb9f545521f0213382a7c41,4dd9f5fea6cb014ecbfefccd67cfcec2e6cdffd11038b8bbf0a5930618b05214,173.0,3199.0,False,False
1_318_2,RawData/1_318_2.csv,1,1 kg load,1,318,2,2893,3,Tensometr 1,Tensometr 2,Tensometr 3,0,float64,16e94a1320d668b9e6db0ec5bbba23bd49f5782362a573964c972b3da6125b8b,623d6ce9674b2f2c24fea7c8ed693d010890cc5b46e08b1981b057dd0ff16f3b,185.0,3444.0,False,False
1_318_3,RawData/1_318_3.csv,1,1 kg load,1,318,3,2933,3,Tensometr 1,Tensometr 2,Tensometr 3,0,float64,639d945273687f446949cd5ca8dbd2fe13f55c310e27447ef7e7294acfc646f7,67b4008dc7d91436c5a505bef47ff98b75a58f7e5207aeb70760756cb90b6617,184.0,3450.0,False,False
1_540_1,RawData/1_540_1.csv,1,1 kg load,1,540,1,2299,3,Tensometr 1,Tensometr 2,Tensometr 3,0,float64,a466f4b45a6348337058b56c6fcc0aba14d5caf85a6bba5e8fe9b5b89d8c09fe,4b84dd766f60eea102e74b9864d2d005494e2f6319dcfef4b405d22ee1649f07,192.0,3452.0,False,False
1_540_2,RawData/1_540_2.csv,1,1 kg load,1,540,2,2455,3,Tensometr 1,Tensometr 2,Tensometr 3,0,float64,233f9d8bb1d1f02d76f4860a9170e7b1a0e6ca89e0ac987f11c7b3a2eb45ce27,012b7de418c23aa679f193cfb1e7d073f1b9db52c13630265381ae072f3fb656,188.0,3450.0,False,False
1_540_3,RawData/1_540_3.csv,1,1 kg load,1,540,3,2277,3,Tensometr 1,Tensometr 2,Tensometr 3,0,float64,9d648599187ef0fc1c1d190605f9902b7c6ad05fa2365fb91859448e43e656ff,7a95844ec1771027ba47e83e1c2327aa48587c20d6da4d1e60e27e224e434e4a,194.0,3451.0,False,False
2_159_1,RawData/2_159_1.csv,2,2 kg load,2,159,1,4554,3,Tensometr 1,Tensometr 2,Tensometr 3,0,float64,c9780572ec679404e80cb509cb41614bdb68bb33c89a4377fe5023a01ffbe226,480bfd632c97fc7c1850fd9db345673cf7de0ea01233badf972db1625d1724ae,164.0,2543.0,False,False
2_159_2,RawData/2_159_2.csv,2,2 kg load,2,159,2,4481,3,Tensometr 1,Tensometr 2,Tensometr 3,0,float64,ade5baa35fad7c58593896082b6f15e78a0b25092adfa2a790184a0c88d0a68b,86eabfb91abe82ce8cf59d737a74a0c0527dc3ebacdded63fd30a6bd57d435dc,144.0,2780.0,False,False
2_159_3,RawData/2_159_3.csv,2,2 kg load,2,159,3,4636,3,Tensometr 1,Tensometr 2,Tensometr 3,0,float64,992cf485585f2ca68e3faba69dff9491c79010a187308ad3f6741b25f1a63afb,490b4cff9aeaaeed28e79af3c2286aa665e3d524f5b8f2c5c79d7bea3ca39caa,156.0,3438.0,False,False
2_318_1,RawData/2_318_1.csv,2,2 kg load,2,318,1,3785,3,Tensometr 1,Tensometr 2,Tensometr 3,0,float64,62478ef523a89d692bbe8ff988221ab1029214efadb3a5e559700df4de96e191,fe56b57bd4f6ace11fd05cf95e9393e6fa07710678170aa3289b284d7091cdf4,211.0,3450.0,False,False
2_318_2,RawData/2_318_2.csv,2,2 kg load,2,318,2,2992,3,Tensometr 1,Tensometr 2,Tensometr 3,0,float64,2dbb19378dc438cc6dbcdeceef16543381b80fbccec9a70ff938b3f0026b306f,ce6708230afbe34a5205404dd48f34051eed5a938f75fdbc2ba9522dbc73ec0c,158.0,3447.0,False,False
2_318_3,RawData/2_318_3.csv,2,2 kg load,2,318,3,2986,3,Tensometr 1,Tensometr 2,Tensometr 3,0,float64,9304c7c64a377ea27f56773925847d81d50cad2aaa4a858bf52e3e9b1dd0b0ab,239d2b3893971dbf25478327688a6b9419a7edc0aadb2124afea1258b652758c,165.0,4031.0,False,False
2_540_1,RawData/2_540_1.csv,2,2 kg load,2,540,1,2473,3,Tensometr 1,Tensometr 2,Tensometr 3,0,float64,bdf6b63422f391c2b7807f5d80dd2abd0a76237001bb98df2bdbe57bfea33e80,bf1d6680e1f8befe74cf75d9cd2e69955dc0c7d186aaf3b486223d0658ab7154,195.0,3356.0,False,False
2_540_2,RawData/2_540_2.csv,2,2 kg load,2,540,2,2408,3,Tensometr 1,Tensometr 2,Tensometr 3,0,float64,58a50e760fababd298a0cdd759f1ecc012afa3bdfced87284232e38383a862ac,076eabe753614ea5bcfdf86a704e078e91c9d3378e7613da369b2e6e11c58815,161.0,3450.0,False,False
2_540_3,RawData/2_540_3.csv,2,2 kg load,2,540,3,2537,3,Tensometr 1,Tensometr 2,Tensometr 3,0,float64,f2d06a4d64453a561a041579e42692f897343874aa2bf726c72d5586c032f8bb,a849d5e6c99854dd3429ca5f5dbf301a53131185a0e232f827daf16d5187e306,191.0,3452.0,False,False
3_159_1,RawData/3_159_1.csv,3,3 kg load,3,159,1,5018,3,Tensometr 1,Tensometr 2,Tensometr 3,0,float64,3234df9d8d496f08d3cc23b4196d948d5b9ab6b7b98f08e1123c30ca23fb6e71,7ee21dcaf4151c1f4fcae7d9be4d8593d70f23b80b201a983e0914c48a079493,170.0,2033.0,True,False
3_159_2,RawData/3_159_2.csv,3,3 kg load,3,159,2,4984,3,Tensometr 1,Tensometr 2,Tensometr 3,0,float64,92d5f6aa50e53e29812b441c86b8567d2a9d631f9439ad53d5531ac764d32ce1,40c15323982527f2656e2ee627a69605b160deb7685fe5da408484f875d62679,118.0,3466.0,True,False
3_159_3,RawData/3_159_3.csv,3,3 kg load,3,159,3,4796,3,Tensometr 1,Tensometr 2,Tensometr 3,0,float64,761c77110f8ac45696a6dafd8997ec3684c1f60c0e75d042f285724e378a6f31,94e5de26e48eaae15e27651b68d1a18058b95657e0957b747b9b2c04f059f83c,132.0,3461.0,True,False
3_318_1,RawData/3_318_1.csv,3,3 kg load,3,318,1,3084,3,Tensometr 1,Tensometr 2,Tensometr 3,0,float64,368afc7f9c304a9dec140afc296ee084bc23511e9c1a7b3a06a757306dd00f1a,e709a82a5b8b6138e96c1979f7e0d1b719f18d14028eafe5b251671d6b09455d,211.0,3451.0,False,False
3_318_2,RawData/3_318_2.csv,3,3 kg load,3,318,2,2915,3,Tensometr 1,Tensometr 2,Tensometr 3,0,float64,f9d4f23428a799079e27afd5d5b3cd74c8fd840e2484ad1c20a3159118c8cd4f,f890dd25cf94fa0cf3d3ed41870777fa824fbf65994c3e4c1c9454d865f9dd85,137.0,3398.0,False,False
3_318_3,RawData/3_318_3.csv,3,3 kg load,3,318,3,2933,3,Tensometr 1,Tensometr 2,Tensometr 3,0,float64,5c2965df97f1265e092374ba015f9164509d572c442f23a89f59f331414e0e0e,2a47cb26d372d5f9cd2e1e909e96d1c80d0c0e5404f4c77ee10ffb1b178246f1,175.0,3449.0,False,False
3_540_1,RawData/3_540_1.csv,3,3 kg load,3,540,1,3204,3,Tensometr 1,Tensometr 2,Tensometr 3,0,float64,8eb8cb4599db2ef1fac61fc91b1cc3b0b3c2a241c8773b7c0eaa93d2a3ec81fc,d5f48d569e41badeca46a213c4e52322504147bb2c3c67bfadf44253e16ab324,195.0,3459.0,False,False
3_540_2,RawData/3_540_2.csv,3,3 kg load,3,540,2,2467,3,Tensometr 1,Tensometr 2,Tensometr 3,0,float64,df491c41762d8ad9481a6c61dfffeb90f558a9bcae6db6a8eef5a42626d2fba9,7630ab93dc2a10e81771395873c41c62e74e25569a62cb9d4baa0e1f6d028cbb,142.0,3419.0,False,False
3_540_3,RawData/3_540_3.csv,3,3 kg load,3,540,3,2962,3,Tensometr 1,Tensometr 2,Tensometr 3,0,float64,f9a43d0733109e4bf44c544569e83be581484c454039ce13a8a8172bc9793281,14d642211fb42f5bf8c1eefa061fedca595c22736a8693e7d3fac08332a68b59,163.0,3450.0,False,False
5_159_1,RawData/5_159_1.csv,5,5 kg load,4,159,1,4812,3,Tensometr 1,Tensometr 2,Tensometr 3,0,float64,5a2582d3d1e7655c913ba68b8a23c852c9331ef1789d87c0bb41581bd3f708d0,27a9a35afe519418d682dd9acac8bd34073f447ab19ef19a1ff8db960dc1b7ae,144.0,4033.0,True,False
5_159_2,RawData/5_159_2.csv,5,5 kg load,4,159,2,4675,3,Tensometr 1,Tensometr 2,Tensometr 3,0,float64,18efbf50265a5e07a69c1eaf3cf63bc6802d4a34068a8f8d1d1f78082df21454,cdea4f1aa19d457cc19dbee1b85540c63c8e5182dbebd12a5a5b772a917b158c,84.0,3366.0,False,False
5_159_3,RawData/5_159_3.csv,5,5 kg load,4,159,3,4790,3,Tensometr 1,Tensometr 2,Tensometr 3,0,float64,bb0c35120fb9cf2c5d5a71026d5929be444335e8c3a332447daf5b1266d7cf55,a84479a5c73848ca633b1ce7069fe4473894b84057a47e4e30549b6128cafbda,126.0,3295.0,True,False
5_318_1,RawData/5_318_1.csv,5,5 kg load,4,318,1,3286,3,Tensometr 1,Tensometr 2,Tensometr 3,0,float64,0447583a92a40c5d7b7fa67a4c0356267f0ce708ca30edf53706440f9d311ccd,d235cf7af36c37e756aa0d60d44769c0f2cb10b7006b0c8a29705ed0bae9dde8,154.0,3458.0,False,False
5_318_2,RawData/5_318_2.csv,5,5 kg load,4,318,2,3064,3,Tensometr 1,Tensometr 2,Tensometr 3,0,float64,fd9926d5cdb22810aa48a0737f407be6d542f8d063a1e6e598bb9728927543ea,beae196b06e220c6fa15e8c4c0edb41e8bb801edda20dba88cfdc7a8212aa12c,90.0,3433.0,False,False
5_318_3,RawData/5_318_3.csv,5,5 kg load,4,318,3,2979,3,Tensometr 1,Tensometr 2,Tensometr 3,0,float64,8fbd3f554e2b192657a6ff67bbf32ac13b157a2b747254872ca0b9f9b6d66beb,6f1a8853db2cba16b41f20ad11792f93fd1286b05374b4066ed7a22b74ceb468,141.0,3456.0,False,False
5_540_1,RawData/5_540_1.csv,5,5 kg load,4,540,1,3043,3,Tensometr 1,Tensometr 2,Tensometr 3,0,float64,0b50d01bb0b21fb6b3398a6056f9801b461177c79f553d5c7152d2c108863364,392be578d31754597f22043b672de2e43cfc54e25930030f1cf5104260d2f027,163.0,3454.0,False,False
5_540_2,RawData/5_540_2.csv,5,5 kg load,4,540,2,2638,3,Tensometr 1,Tensometr 2,Tensometr 3,0,float64,32d928012b59ab67e52e7fe787caed3361819a36c660a651c42b236b743995fa,eca311c98c48ab43a57095f2dd8390d927f9ec81c42260ea5226acf383321094,105.0,2890.0,False,False
5_540_3,RawData/5_540_3.csv,5,5 kg load,4,540,3,2707,3,Tensometr 1,Tensometr 2,Tensometr 3,0,float64,3ea19fa4e6265d2c0b8d8fba4700a7f8844a422129926bc50dc37f12b8199670,80578be3dedd4e00cec9626ac4414abcf401f1463be95a9cc78e637e85211bc5,174.0,3456.0,False,False
6_159_1,RawData/6_159_1.csv,6,"damaged, unloaded",5,159,1,2193,3,Tensometr 1,Tensometr 2,Tensometr 3,0,float64,af54f23fecc3b8a0f88176d98cd4e2dbe98a4b158d77a6d6bc4ba05c8bda25d3,c6a36a607c64361a907bad6ba6df1e05d2e24dd23ee27a741301d858ba0de443,168.0,2590.0,False,False
6_159_10,RawData/6_159_10.csv,6,"damaged, unloaded",5,159,10,3111,3,Tensometr 1,Tensometr 2,Tensometr 3,0,float64,336edb3ffaf4e9e5014b0c6af525653d20042e74dc27d56abf19f7fec9fff34d,b33c95843d8e5770bf0f7af1a16587ea6fe2769c1b3c13331f4f11feb988c78d,191.0,3440.0,False,False
6_159_11,RawData/6_159_11.csv,6,"damaged, unloaded",5,159,11,3127,3,Tensometr 1,Tensometr 2,Tensometr 3,0,float64,3475be4c31075e73a2cc926094da42f588d3b29a1cba5133b0dccee20668ca14,0cd3d1716d4bb2e2e886ae6e1ad9c63db1000ae40e9b76cade9f62811ff918f2,261.0,3462.0,False,False
6_159_12,RawData/6_159_12.csv,6,"damaged, unloaded",5,159,12,2931,3,Tensometr 1,Tensometr 2,Tensometr 3,0,float64,ca74f838e880b32bed31e26d61c587d599cc0fdb886559f93f3a2d9e1013135f,d2cd7781326b8249c8a20979a7a225b915cc58276d988f5d86036f1663923b54,295.0,3618.0,False,False
6_159_13,RawData/6_159_13.csv,6,"damaged, unloaded",5,159,13,2818,3,Tensometr 1,Tensometr 2,Tensometr 3,0,float64,f8788129cfcf0020b77d2428b4b3cbe4d1e2580f6eba2266ee94b8609126649d,fae60c25cb35787869269c16347e5048b30e40885d50aa2f1f06f48de7a8dc6e,238.0,3432.0,False,False
6_159_14,RawData/6_159_14.csv,6,"damaged, unloaded",5,159,14,2999,3,Tensometr 1,Tensometr 2,Tensometr 3,0,float64,399f77b8815a05c554bcbec9003226d7b61851014c97eb2079ff9e971720cdf8,3a1a2d554c003a212f6b209a83d965b56096b3382ce8b17cab90bbd4da0b3174,275.0,3426.0,False,False
6_159_2,RawData/6_159_2.csv,6,"damaged, unloaded",5,159,2,2872,3,Tensometr 1,Tensometr 2,Tensometr 3,0,float64,96770bc6b9c9e138baaaaad7b8c1a3de321d33ed46ce982293bf7c6fc11cdbf0,478aee3bb0e477e8adc378fe447d3d47e54fc70513a06cc346ec83b7e9d5ecc6,162.0,3423.0,False,False
6_159_3,RawData/6_159_3.csv,6,"damaged, unloaded",5,159,3,2351,3,Tensometr 1,Tensometr 2,Tensometr 3,0,float64,163c9328390859c071565c62435ff6b632e28085a4b6caf9eddb87720cd61067,8d616166aba97f46794279ff7a720d55382d0197065c42ab8e79a87244e3421d,204.0,2819.0,False,False
6_159_4,RawData/6_159_4.csv,6,"damaged, unloaded",5,159,4,2173,3,Tensometr 1,Tensometr 2,Tensometr 3,0,float64,6cec1823c147bfebbc1b088b2eb3ff76d50001dad258b472cf1019f51aad9735,8267b0d67d1e76b58a6572916492a8f754f4bd91c33d1f07cf2aebf038abc0bf,210.0,3445.0,False,False
6_159_5,RawData/6_159_5.csv,6,"damaged, unloaded",5,159,5,2118,3,Tensometr 1,Tensometr 2,Tensometr 3,0,float64,30b2b909ba86e45753491b02edeb423d26b885a0353a6d780c5ccfcd6386b204,1f0484f742da3183ef20a1ae17ad07e7f74789a4badf394caf5f356f464518c6,194.0,3421.0,False,False
6_159_6,RawData/6_159_6.csv,6,"damaged, unloaded",5,159,6,2666,3,Tensometr 1,Tensometr 2,Tensometr 3,0,float64,a20286f779fbac64e49e014438437a125732dd9059da2d885c7ad19aad10956b,577c6c7d372d5344f149798ac97321bfcc2495f10c31bb580f769452ea7f0f25,213.0,3442.0,False,False
6_159_7,RawData/6_159_7.csv,6,"damaged, unloaded",5,159,7,2953,3,Tensometr 1,Tensometr 2,Tensometr 3,0,float64,56205cf80243cb48b2065955852aa99a49dbdfe4e700504ecabcd4afd47fad7e,2f3d0f02d3b71aa6ae480e53b39a388e0bcb3f94e309da38dfe362163e2f471f,207.0,3439.0,False,False
6_159_8,RawData/6_159_8.csv,6,"damaged, unloaded",5,159,8,3571,3,Tensometr 1,Tensometr 2,Tensometr 3,0,float64,7344952f6e588540b892620c091377396d117479016a703a6ddc1ec067c9e4b2,a72b110460541ad9ce10c8868035270fb631c3e47d7add1015f0188c32b8fb09,249.0,3437.0,False,False
6_159_9,RawData/6_159_9.csv,6,"damaged, unloaded",5,159,9,2845,3,Tensometr 1,Tensometr 2,Tensometr 3,0,float64,d418beae80ef8d1cce6f49198001d7d3f771c982285ea6568c650367dc733149,c724b810a74703cf43d2215e952123ed2473bab6dc9135355d5e141816f4b201,219.0,3440.0,False,False
6_318_1,RawData/6_318_1.csv,6,"damaged, unloaded",5,318,1,1218,3,Tensometr 1,Tensometr 2,Tensometr 3,0,float64,717efd670a5b5ca1977c15804c2bbaa10bb722b3e7206e51229514c3751a688e,40f8e93cdad5ddff95a5539ebfc9167521577b0b066959fb51ab34c811ae2b82,344.0,3393.0,False,False
6_318_10,RawData/6_318_10.csv,6,"damaged, unloaded",5,318,10,1742,3,Tensometr 1,Tensometr 2,Tensometr 3,0,float64,b5e1456b8ba22e6adfc60b18fc249d95ca6fa3d2851cce3df68bca1b2b4af05b,733cd78f35412e34d82774947a8edb986af1601d96e7f30cea249809261a7821,316.0,3089.0,False,False
6_318_2,RawData/6_318_2.csv,6,"damaged, unloaded",5,318,2,1736,3,Tensometr 1,Tensometr 2,Tensometr 3,0,float64,c054eb159ab171463c19f6bf9824bea275f98f4a64a2d5cd600f647766843ef1,b2a02744397ee0f44330486e8b97367d80591e29b672da46b98af98785f59763,295.0,3443.0,False,False
6_318_3,RawData/6_318_3.csv,6,"damaged, unloaded",5,318,3,1706,3,Tensometr 1,Tensometr 2,Tensometr 3,0,float64,ad1e962851d4b897f71f650400e8e5c6b5f43f47d040283841dace92f8b9165c,c91086822d242ee517b459346d73b8a1c4a1f29fb52d2ff99c51ce28e89fa9ad,269.0,3438.0,False,False
6_318_4,RawData/6_318_4.csv,6,"damaged, unloaded",5,318,4,1974,3,Tensometr 1,Tensometr 2,Tensometr 3,0,float64,a4787025943dff1c69f379c956d96cfe2d3b38134e486f760070244594f20817,4b875647ec1fe24c530590c3bac36e4b77a14d83790804e00dbcf7865b0ba183,321.0,3443.0,False,False
6_318_5,RawData/6_318_5.csv,6,"damaged, unloaded",5,318,5,1731,3,Tensometr 1,Tensometr 2,Tensometr 3,0,float64,00a8d64e293aad8fb8c85b6631bc3b4e93d38c6f82335c51d018571470c472cb,5e3a268edd0321003df6434229455d2db14088bce93cbe0f1e7d88035ac8ffa0,269.0,3431.0,False,False
6_318_6,RawData/6_318_6.csv,6,"damaged, unloaded",5,318,6,1726,3,Tensometr 1,Tensometr 2,Tensometr 3,0,float64,6e16e53d68dd595639962280182b551f56f344c1c367c600b55f5db5e22c03c2,7f74f2709d433f21c7bfc08b32f7128bbf5fee7fc0180cf8772025c6083a656d,259.0,2998.0,False,False
6_318_7,RawData/6_318_7.csv,6,"damaged, unloaded",5,318,7,1755,3,Tensometr 1,Tensometr 2,Tensometr 3,0,float64,600ec71c299fcc035994391c3289d6b3373dc06ab623d814a60116b48e65e8bd,3f47bf2a75b6dc94c05e0f3f6004837b8ae50c8d229b4bc104cb4695defdffa6,266.0,3415.0,False,False
6_318_8,RawData/6_318_8.csv,6,"damaged, unloaded",5,318,8,1768,3,Tensometr 1,Tensometr 2,Tensometr 3,0,float64,9e117bcf6c328fb1f28e4ce70b48f016e98ae2bf41f164092736cbea6c336847,9ded35f3508e7564631f0c70fa3de2803fc72fa85d88fbc90d03137a0dbdb832,279.0,2999.0,False,False
6_318_9,RawData/6_318_9.csv,6,"damaged, unloaded",5,318,9,1849,3,Tensometr 1,Tensometr 2,Tensometr 3,0,float64,374553a4c3ff71ac74f85c9b09e16fa491d1c3a52de18fa3c5d84fa0c912ba77,cf5d82df28bbe25411fe35b29c9836e363a836b7642cc0095fafe802a73f8732,280.0,2999.0,False,False
6_540_1,RawData/6_540_1.csv,6,"damaged, unloaded",5,540,1,774,3,Tensometr 1,Tensometr 2,Tensometr 3,0,float64,2cdbde93bf451e675f563a40bd819c2329b804a124d0a0521c4637529d8a44b8,1eef3148dbf74c0b819401b18baa6c88b55469c580d69314781f03ea0e465e08,273.0,2990.0,False,True
6_540_10,RawData/6_540_10.csv,6,"damaged, unloaded",5,540,10,1116,3,Tensometr 1,Tensometr 2,Tensometr 3,0,float64,d1ef3aab1ae2090a4e420d8a6c7437394d69c9d7b32fc8bbfe812e1d7d72be24,f1e929d3465327088b069d6bd269e221bef5c5699906d2b4a524cb18c8954b1a,275.0,3398.0,False,False
6_540_2,RawData/6_540_2.csv,6,"damaged, unloaded",5,540,2,630,3,Tensometr 1,Tensometr 2,Tensometr 3,0,float64,55597e0c7b9d50da8bb49b916bec802105369e05b70f5efe783eb456bed367fc,74d24068a6343420645a3560c5d98f7fba200b62ffb5188790676931d15739c1,368.0,3154.0,False,True
6_540_3,RawData/6_540_3.csv,6,"damaged, unloaded",5,540,3,1215,3,Tensometr 1,Tensometr 2,Tensometr 3,0,float64,9440714a29e0e251f3fcc8c470d0c2dcc5c00e154ac56bab134f882f23d5a06f,851965c4a1d7d66fdae1039c68287f0b3d914fea71147b099d35165db7058fff,273.0,3384.0,False,False
6_540_4,RawData/6_540_4.csv,6,"damaged, unloaded",5,540,4,1040,3,Tensometr 1,Tensometr 2,Tensometr 3,0,float64,34eece10932d8b1f4dbca610d132eba7e6e99fca454e0d15ecfa5e7122a1bd54,af52c3c80f4386341458ea6075d80e96f9b96054db69986a01a355e635b07f70,375.0,3331.0,False,False
6_540_5,RawData/6_540_5.csv,6,"damaged, unloaded",5,540,5,1041,3,Tensometr 1,Tensometr 2,Tensometr 3,0,float64,5cc7d75aee8cea79679a249826c32c34a294830d262067bd8b8467de15f79cae,b0cfa0aa52bc6ec1a368d08e77a4590a39c86b20649c302bce092bb977918668,317.0,3275.0,False,False
6_540_6,RawData/6_540_6.csv,6,"damaged, unloaded",5,540,6,1002,3,Tensometr 1,Tensometr 2,Tensometr 3,0,float64,3dac3ae5a3fa61ac95d7f83fc4a1e8615720439a1981e39f6677782a694d6837,b2c205d20eea8e1425f26e09f809fa2c41040f04e9ec517cf3c1cd6203416971,392.0,3292.0,False,False
6_540_7,RawData/6_540_7.csv,6,"damaged, unloaded",5,540,7,1074,3,Tensometr 1,Tensometr 2,Tensometr 3,0,float64,4bc84fecaa340b93d66d64477720dd7bc2acbf514e5db8e43fc5cc6366a87eb1,67d621e7999582941d5efbfec13ab17c695a1a8eeab70fcd756026d4146a8b98,283.0,3423.0,False,False
6_540_8,RawData/6_540_8.csv,6,"damaged, unloaded",5,540,8,1114,3,Tensometr 1,Tensometr 2,Tensometr 3,0,float64,c96923147746b39e0bc6a3fda01f38ab0bdc48d8d1d831f504cf3890caa588e5,cafde9ee78d6513a7685817eefb6dbaf5015a6ceb3afee3b4a7da744c680c348,289.0,3433.0,False,False
6_540_9,RawData/6_540_9.csv,6,"damaged, unloaded",5,540,9,1128,3,Tensometr 1,Tensometr 2,Tensometr 3,0,float64,2fe34f5241c7b087063cac806eba6e2982225499a2fe706be5d24ecf9a33c272,03dee49e8ae2fa955d69ad66e75b0e8426fbff6103cca7544930216c5359b6d5,368.0,3068.0,False,False
