window_id,recording_id,condition,speed_rpm,repetition,start_idx,end_idx
0_159_1_400_0,0_159_1,0,159,1,0,400
0_159_1_400_400,0_159_1,0,159,1,400,800
0_159_1_400_800,0_159_1,0,159,1,800,1200
0_159_1_400_1200,0_159_1,0,159,1,1200,1600
0_159_1_400_1600,0_159_1,0,159,1,1600,2000
0_159_1_400_2000,0_159_1,0,159,1,2000,2400
0_159_1_400_2400,0_159_1,0,159,1,2400,2800
0_159_1_400_2800,0_159_1,0,159,1,2800,3200
0_159_1_400_3200,0_159_1,0,159,1,3200,3600
0_159_1_400_3600,0_159_1,0,159,1,3600,4000
0_159_1_400_4000,0_159_1,0,159,1,4000,4400
0_159_2_400_0,0_159_2,0,159,2,0,400
0_159_2_400_400,0_159_2,0,159,2,400,800
0_159_2_400_800,0_159_2,0,159,2,800,1200
0_159_2_400_1200,0_159_2,0,159,2,1200,1600
0_159_2_400_1600,0_159_2,0,159,2,1600,2000
0_159_2_400_2000,0_159_2,0,159,2,2000,2400
0_159_2_400_2400,0_159_2,0,159,2,2400,2800
0_159_2_400_2800,0_159_2,0,159,2,2800,3200
0_159_2_400_3200,0_159_2,0,159,2,3200,3600
0_159_2_400_3600,0_159_2,0,159,2,3600,4000
0_159_2_400_4000,0_159_2,0,159,2,4000,4400
0_159_3_400_0,0_159_3,0,159,3,0,400
0_159_3_400_400,0_159_3,0,159,3,400,800
0_159_3_400_800,0_159_3,0,159,3,800,1200
0_159_3_400_1200,0_159_3,0,159,3,1200,1600
0_159_3_400_1600,0_159_3,0,159,3,1600,2000
0_159_3_400_2000,0_159_3,0,159,3,2000,2400
0_159_3_400_2400,0_159_3,0,159,3,2400,2800
0_159_3_400_2800,0_159_3,0,159,3,2800,3200
0_159_3_400_3200,0_159_3,0,159,3,3200,3600
0_159_3_400_3600,0_159_3,0,159,3,3600,4000
0_159_3_400_4000,0_159_3,0,159,3,4000,4400
0_159_3_400_4400,0_159_3,0,159,3,4400,4800
0_159_3_400_4800,0_159_3,0,159,3,4800,5200
0_318_1_400_0,0_318_1,0,318,1,0,400
0_318_1_400_400,0_318_1,0,318,1,400,800
0_318_1_400_800,0_318_1,0,318,1,800,1200
0_318_1_400_1200,0_318_1,0,318,1,1200,1600
0_318_1_400_1600,0_318_1,0,318,1,1600,2000
0_318_1_400_2000,0_318_1,0,318,1,2000,2400
0_318_2_400_0,0_318_2,0,318,2,0,400
0_318_2_400_400,0_318_2,0,318,2,400,800
0_318_2_400_800,0_318_2,0,318,2,800,1200
0_318_2_400_1200,0_318_2,0,318,2,1200,1600
0_318_2_400_1600,0_318_2,0,318,2,1600,2000
0_318_2_400_2000,0_318_2,0,318,2,2000,2400
0_318_2_400_2400,0_318_2,0,318,2,2400,2800
0_318_3_400_0,0_318_3,0,318,3,0,400
0_318_3_400_400,0_318_3,0,318,3,400,800
0_318_3_400_800,0_318_3,0,318,3,800,1200
0_318_3_400_1200,0_318_3,0,318,3,1200,1600
0_318_3_400_1600,0_318_3,0,318,3,1600,2000
0_318_3_400_2000,0_318_3,0,318,3,2000,2400
0_318_3_400_2400,0_318_3,0,318,3,2400,2800
0_540_1_400_0,0_540_1,0,540,1,0,400
0_540_1_400_400,0_540_1,0,540,1,400,800
0_540_1_400_800,0_540_1,0,540,1,800,1200
0_540_1_400_1200,0_540_1,0,540,1,1200,1600
0_540_1_400_1600,0_540_1,0,540,1,1600,2000
0_540_3_400_0,0_540_3,0,540,3,0,400
0_540_3_400_400,0_540_3,0,540,3,400,800
0_540_3_400_800,0_540_3,0,540,3,800,1200
0_540_3_400_1200,0_540_3,0,540,3,1200,1600
0_540_3_400_1600,0_540_3,0,540,3,1600,2000
1_159_1_400_0,1_159_1,1,159,1,0,400
1_159_1_400_400,1_159_1,1,159,1,400,800
1_159_1_400_800,1_159_1,1,159,1,800,1200
1_159_1_400_1200,1_159_1,1,159,1,1200,1600
1_159_1_400_1600,1_159_1,1,159,1,1600,2000
1_159_1_400_2000,1_159_1,1,159,1,2000,2400
1_159_1_400_2400,1_159_1,1,159,1,2400,2800
1_159_1_400_2800,1_159_1,1,159,1,2800,3200
1_159_1_400_3200,1_159_1,1,159,1,3200,3600
1_159_1_400_3600,1_159_1,1,159,1,3600,4000
1_159_1_400_4000,1_159_1,1,159,1,4000,4400
1_159_2_400_0,1_159_2,1,159,2,0,400
1_159_2_400_400,1_159_2,1,159,2,400,800
1_159_2_400_800,1_159_2,1,159,2,800,1200
1_159_2_400_1200,1_159_2,1,159,2,1200,1600
1_159_2_400_1600,1_159_2,1,159,2,1600,2000
1_159_2_400_2000,1_159_2,1,159,2,2000,2400
1_159_2_400_2400,1_159_2,1,159,2,2400,2800
1_159_2_400_2800,1_159_2,1,159,2,2800,3200
1_159_2_400_3200,1_159_2,1,159,2,3200,3600
1_159_2_400_3600,1_159_2,1,159,2,3600,4000
1_159_2_400_4000,1_159_2,1,159,2,4000,4400
1_159_3_400_0,1_159_3,1,159,3,0,400
1_159_3_400_400,1_159_3,1,159,3,400,800
1_159_3_400_800,1_159_3,1,159,3,800,1200
1_159_3_400_1200,1_159_3,1,159,3,1200,1600
1_159_3_400_1600,1_159_3,1,159,3,1600,2000
1_159_3_400_2000,1_159_3,1,159,3,2000,2400
1_159_3_400_2400,1_159_3,1,159,3,2400,2800
1_159_3_400_2800,1_159_3,1,159,3,2800,3200
1_159_3_400_3200,1_159_3,1,159,3,3200,3600
1_159_3_400_3600,1_159_3,1,159,3,3600,4000
1_159_3_400_4000,1_159_3,1,159,3,4000,4400
1_318_1_400_0,1_318_1,1,318,1,0,400
1_318_1_400_400,1_318_1,1,318,1,400,800
1_318_1_400_800,1_318_1,1,318,1,800,1200
1_318_1_400_1200,1_318_1,1,318,1,1200,1600
1_318_1_400_1600,1_318_1,1,318,1,1600,2000
1_318_1_400_2000,1_318_1,1,318,1,2000,2400
1_318_1_400_2400,1_318_1,1,318,1,2400,2800
1_318_2_400_0,1_318_2,1,318,2,0,400
1_318_2_400_400,1_318_2,1,318,2,400,800
1_318_2_400_800,1_318_2,1,318,2,800,1200
1_318_2_400_1200,1_318_2,1,318,2,1200,1600
1_318_2_400_1600,1_318_2,1,318,2,1600,2000
1_318_2_400_2000,1_318_2,1,318,2,2000,2400
1_318_2_400_2400,1_318_2,1,318,2,2400,2800
1_318_3_400_0,1_318_3,1,318,3,0,400
1_318_3_400_400,1_318_3,1,318,3,400,800
1_318_3_400_800,1_318_3,1,318,3,800,1200
1_318_3_400_1200,1_318_3,1,318,3,1200,1600
1_318_3_400_1600,1_318_3,1,318,3,1600,2000
1_318_3_400_2000,1_318_3,1,318,3,2000,2400
1_318_3_400_2400,1_318_3,1,318,3,2400,2800
1_540_1_400_0,1_540_1,1,540,1,0,400
1_540_1_400_400,1_540_1,1,540,1,400,800
1_540_1_400_800,1_540_1,1,540,1,800,1200
1_540_1_400_1200,1_540_1,1,540,1,1200,1600
1_540_1_400_1600,1_540_1,1,540,1,1600,2000
1_540_2_400_0,1_540_2,1,540,2,0,400
1_540_2_400_400,1_540_2,1,540,2,400,800
1_540_2_400_800,1_540_2,1,540,2,800,1200
1_540_2_400_1200,1_540_2,1,540,2,1200,1600
1_540_2_400_1600,1_540_2,1,540,2,1600,2000
1_540_2_400_2000,1_540_2,1,540,2,2000,2400
1_540_3_400_0,1_540_3,1,540,3,0,400
1_540_3_400_400,1_540_3,1,540,3,400,800
1_540_3_400_800,1_540_3,1,540,3,800,1200
1_540_3_400_1200,1_540_3,1,540,3,1200,1600
1_540_3_400_1600,1_540_3,1,540,3,1600,2000
2_159_1_400_0,2_159_1,2,159,1,0,400
2_159_1_400_400,2_159_1,2,159,1,400,800
2_159_1_400_800,2_159_1,2,159,1,800,1200
2_159_1_400_1200,2_159_1,2,159,1,1200,1600
2_159_1_400_1600,2_159_1,2,159,1,1600,2000
2_159_1_400_2000,2_159_1,2,159,1,2000,2400
2_159_1_400_2400,2_159_1,2,159,1,2400,2800
2_159_1_400_2800,2_159_1,2,159,1,2800,3200
2_159_1_400_3200,2_159_1,2,159,1,3200,3600
2_159_1_400_3600,2_159_1,2,159,1,3600,4000
2_159_1_400_4000,2_159_1,2,159,1,4000,4400
2_159_2_400_0,2_159_2,2,159,2,0,400
2_159_2_400_400,2_159_2,2,159,2,400,800
2_159_2_400_800,2_159_2,2,159,2,800,1200
2_159_2_400_1200,2_159_2,2,159,2,1200,1600
2_159_2_400_1600,2_159_2,2,159,2,1600,2000
2_159_2_400_2000,2_159_2,2,159,2,2000,2400
2_159_2_400_2400,2_159_2,2,159,2,2400,2800
2_159_2_400_2800,2_159_2,2,159,2,2800,3200
2_159_2_400_3200,2_159_2,2,159,2,3200,3600
2_159_2_400_3600,2_159_2,2,159,2,3600,4000
2_159_2_400_4000,2_159_2,2,159,2,4000,4400
2_159_3_400_0,2_159_3,2,159,3,0,400
2_159_3_400_400,2_159_3,2,159,3,400,800
2_159_3_400_800,2_159_3,2,159,3,800,1200
2_159_3_400_1200,2_159_3,2,159,3,1200,1600
2_159_3_400_1600,2_159_3,2,159,3,1600,2000
2_159_3_400_2000,2_159_3,2,159,3,2000,2400
2_159_3_400_2400,2_159_3,2,159,3,2400,2800
2_159_3_400_2800,2_159_3,2,159,3,2800,3200
2_159_3_400_3200,2_159_3,2,159,3,3200,3600
2_159_3_400_3600,2_159_3,2,159,3,3600,4000
2_159_3_400_4000,2_159_3,2,159,3,4000,4400
2_318_1_400_0,2_318_1,2,318,1,0,400
2_318_1_400_400,2_318_1,2,318,1,400,800
2_318_1_400_800,2_318_1,2,318,1,800,1200
2_318_1_400_1200,2_318_1,2,318,1,1200,1600
2_318_1_400_1600,2_318_1,2,318,1,1600,2000
2_318_1_400_2000,2_318_1,2,318,1,2000,2400
2_318_1_400_2400,2_318_1,2,318,1,2400,2800
2_318_1_400_2800,2_318_1,2,318,1,2800,3200
2_318_1_400_3200,2_318_1,2,318,1,3200,3600
2_318_2_400_0,2_318_2,2,318,2,0,400
2_318_2_400_400,2_318_2,2,318,2,400,800
2_318_2_400_800,2_318_2,2,318,2,800,1200
2_318_2_400_1200,2_318_2,2,318,2,1200,1600
2_318_2_400_1600,2_318_2,2,318,2,1600,2000
2_318_2_400_2000,2_318_2,2,318,2,2000,2400
2_318_2_400_2400,2_318_2,2,318,2,2400,2800
2_318_3_400_0,2_318_3,2,318,3,0,400
2_318_3_400_400,2_318_3,2,318,3,400,800
2_318_3_400_800,2_318_3,2,318,3,800,1200
2_318_3_400_1200,2_318_3,2,318,3,1200,1600
2_318_3_400_1600,2_318_3,2,318,3,1600,2000
2_318_3_400_2000,2_318_3,2,318,3,2000,2400
2_318_3_400_2400,2_318_3,2,318,3,2400,2800
2_540_1_400_0,2_540_1,2,540,1,0,400
2_540_1_400_400,2_540_1,2,540,1,400,800
2_540_1_400_800,2_540_1,2,540,1,800,1200
2_540_1_400_1200,2_540_1,2,540,1,1200,1600
2_540_1_400_1600,2_540_1,2,540,1,1600,2000
2_540_1_400_2000,2_540_1,2,540,1,2000,2400
2_540_2_400_0,2_540_2,2,540,2,0,400
2_540_2_400_400,2_540_2,2,540,2,400,800
2_540_2_400_800,2_540_2,2,540,2,800,1200
2_540_2_400_1200,2_540_2,2,540,2,1200,1600
2_540_2_400_1600,2_540_2,2,540,2,1600,2000
2_540_2_400_2000,2_540_2,2,540,2,2000,2400
2_540_3_400_0,2_540_3,2,540,3,0,400
2_540_3_400_400,2_540_3,2,540,3,400,800
2_540_3_400_800,2_540_3,2,540,3,800,1200
2_540_3_400_1200,2_540_3,2,540,3,1200,1600
2_540_3_400_1600,2_540_3,2,540,3,1600,2000
2_540_3_400_2000,2_540_3,2,540,3,2000,2400
3_159_1_400_0,3_159_1,3,159,1,0,400
3_159_1_400_400,3_159_1,3,159,1,400,800
3_159_1_400_800,3_159_1,3,159,1,800,1200
3_159_1_400_1200,3_159_1,3,159,1,1200,1600
3_159_1_400_1600,3_159_1,3,159,1,1600,2000
3_159_1_400_2000,3_159_1,3,159,1,2000,2400
3_159_1_400_2400,3_159_1,3,159,1,2400,2800
3_159_1_400_2800,3_159_1,3,159,1,2800,3200
3_159_1_400_3200,3_159_1,3,159,1,3200,3600
3_159_1_400_3600,3_159_1,3,159,1,3600,4000
3_159_1_400_4000,3_159_1,3,159,1,4000,4400
3_159_1_400_4400,3_159_1,3,159,1,4400,4800
3_159_2_400_0,3_159_2,3,159,2,0,400
3_159_2_400_400,3_159_2,3,159,2,400,800
3_159_2_400_800,3_159_2,3,159,2,800,1200
3_159_2_400_1200,3_159_2,3,159,2,1200,1600
3_159_2_400_1600,3_159_2,3,159,2,1600,2000
3_159_2_400_2000,3_159_2,3,159,2,2000,2400
3_159_2_400_2400,3_159_2,3,159,2,2400,2800
3_159_2_400_2800,3_159_2,3,159,2,2800,3200
3_159_2_400_3200,3_159_2,3,159,2,3200,3600
3_159_2_400_3600,3_159_2,3,159,2,3600,4000
3_159_2_400_4000,3_159_2,3,159,2,4000,4400
3_159_2_400_4400,3_159_2,3,159,2,4400,4800
3_159_3_400_0,3_159_3,3,159,3,0,400
3_159_3_400_400,3_159_3,3,159,3,400,800
3_159_3_400_800,3_159_3,3,159,3,800,1200
3_159_3_400_1200,3_159_3,3,159,3,1200,1600
3_159_3_400_1600,3_159_3,3,159,3,1600,2000
3_159_3_400_2000,3_159_3,3,159,3,2000,2400
3_159_3_400_2400,3_159_3,3,159,3,2400,2800
3_159_3_400_2800,3_159_3,3,159,3,2800,3200
3_159_3_400_3200,3_159_3,3,159,3,3200,3600
3_159_3_400_3600,3_159_3,3,159,3,3600,4000
3_159_3_400_4000,3_159_3,3,159,3,4000,4400
3_318_1_400_0,3_318_1,3,318,1,0,400
3_318_1_400_400,3_318_1,3,318,1,400,800
3_318_1_400_800,3_318_1,3,318,1,800,1200
3_318_1_400_1200,3_318_1,3,318,1,1200,1600
3_318_1_400_1600,3_318_1,3,318,1,1600,2000
3_318_1_400_2000,3_318_1,3,318,1,2000,2400
3_318_1_400_2400,3_318_1,3,318,1,2400,2800
3_318_2_400_0,3_318_2,3,318,2,0,400
3_318_2_400_400,3_318_2,3,318,2,400,800
3_318_2_400_800,3_318_2,3,318,2,800,1200
3_318_2_400_1200,3_318_2,3,318,2,1200,1600
3_318_2_400_1600,3_318_2,3,318,2,1600,2000
3_318_2_400_2000,3_318_2,3,318,2,2000,2400
3_318_2_400_2400,3_318_2,3,318,2,2400,2800
3_318_3_400_0,3_318_3,3,318,3,0,400
3_318_3_400_400,3_318_3,3,318,3,400,800
3_318_3_400_800,3_318_3,3,318,3,800,1200
3_318_3_400_1200,3_318_3,3,318,3,1200,1600
3_318_3_400_1600,3_318_3,3,318,3,1600,2000
3_318_3_400_2000,3_318_3,3,318,3,2000,2400
3_318_3_400_2400,3_318_3,3,318,3,2400,2800
3_540_1_400_0,3_540_1,3,540,1,0,400
3_540_1_400_400,3_540_1,3,540,1,400,800
3_540_1_400_800,3_540_1,3,540,1,800,1200
3_540_1_400_1200,3_540_1,3,540,1,1200,1600
3_540_1_400_1600,3_540_1,3,540,1,1600,2000
3_540_1_400_2000,3_540_1,3,540,1,2000,2400
3_540_1_400_2400,3_540_1,3,540,1,2400,2800
3_540_1_400_2800,3_540_1,3,540,1,2800,3200
3_540_2_400_0,3_540_2,3,540,2,0,400
3_540_2_400_400,3_540_2,3,540,2,400,800
3_540_2_400_800,3_540_2,3,540,2,800,1200
3_540_2_400_1200,3_540_2,3,540,2,1200,1600
3_540_2_400_1600,3_540_2,3,540,2,1600,2000
3_540_2_400_2000,3_540_2,3,540,2,2000,2400
3_540_3_400_0,3_540_3,3,540,3,0,400
3_540_3_400_400,3_540_3,3,540,3,400,800
3_540_3_400_800,3_540_3,3,540,3,800,1200
3_540_3_400_1200,3_540_3,3,540,3,1200,1600
3_540_3_400_1600,3_540_3,3,540,3,1600,2000
3_540_3_400_2000,3_540_3,3,540,3,2000,2400
3_540_3_400_2400,3_540_3,3,540,3,2400,2800
5_159_1_400_0,5_159_1,4,159,1,0,400
5_159_1_400_400,5_159_1,4,159,1,400,800
5_159_1_400_800,5_159_1,4,159,1,800,1200
5_159_1_400_1200,5_159_1,4,159,1,1200,1600
5_159_1_400_1600,5_159_1,4,159,1,1600,2000
5_159_1_400_2000,5_159_1,4,159,1,2000,2400
5_159_1_400_2400,5_159_1,4,159,1,2400,2800
5_159_1_400_2800,5_159_1,4,159,1,2800,3200
5_159_1_400_3200,5_159_1,4,159,1,3200,3600
5_159_1_400_3600,5_159_1,4,159,1,3600,4000
5_159_1_400_4000,5_159_1,4,159,1,4000,4400
5_159_1_400_4400,5_159_1,4,159,1,4400,4800
5_159_2_400_0,5_159_2,4,159,2,0,400
5_159_2_400_400,5_159_2,4,159,2,400,800
5_159_2_400_800,5_159_2,4,159,2,800,1200
5_159_2_400_1200,5_159_2,4,159,2,1200,1600
5_159_2_400_1600,5_159_2,4,159,2,1600,2000
5_159_2_400_2000,5_159_2,4,159,2,2000,2400
5_159_2_400_2400,5_159_2,4,159,2,2400,2800
5_159_2_400_2800,5_159_2,4,159,2,2800,3200
5_159_2_400_3200,5_159_2,4,159,2,3200,3600
5_159_2_400_3600,5_159_2,4,159,2,3600,4000
5_159_2_400_4000,5_159_2,4,159,2,4000,4400
5_159_3_400_0,5_159_3,4,159,3,0,400
5_159_3_400_400,5_159_3,4,159,3,400,800
5_159_3_400_800,5_159_3,4,159,3,800,1200
5_159_3_400_1200,5_159_3,4,159,3,1200,1600
5_159_3_400_1600,5_159_3,4,159,3,1600,2000
5_159_3_400_2000,5_159_3,4,159,3,2000,2400
5_159_3_400_2400,5_159_3,4,159,3,2400,2800
5_159_3_400_2800,5_159_3,4,159,3,2800,3200
5_159_3_400_3200,5_159_3,4,159,3,3200,3600
5_159_3_400_3600,5_159_3,4,159,3,3600,4000
5_159_3_400_4000,5_159_3,4,159,3,4000,4400
5_318_1_400_0,5_318_1,4,318,1,0,400
5_318_1_400_400,5_318_1,4,318,1,400,800
5_318_1_400_800,5_318_1,4,318,1,800,1200
5_318_1_400_1200,5_318_1,4,318,1,1200,1600
5_318_1_400_1600,5_318_1,4,318,1,1600,2000
5_318_1_400_2000,5_318_1,4,318,1,2000,2400
5_318_1_400_2400,5_318_1,4,318,1,2400,2800
5_318_1_400_2800,5_318_1,4,318,1,2800,3200
5_318_2_400_0,5_318_2,4,318,2,0,400
5_318_2_400_400,5_318_2,4,318,2,400,800
5_318_2_400_800,5_318_2,4,318,2,800,1200
5_318_2_400_1200,5_318_2,4,318,2,1200,1600
5_318_2_400_1600,5_318_2,4,318,2,1600,2000
5_318_2_400_2000,5_318_2,4,318,2,2000,2400
5_318_2_400_2400,5_318_2,4,318,2,2400,2800
5_318_3_400_0,5_318_3,4,318,3,0,400
5_318_3_400_400,5_318_3,4,318,3,400,800
5_318_3_400_800,5_318_3,4,318,3,800,1200
5_318_3_400_1200,5_318_3,4,318,3,1200,1600
5_318_3_400_1600,5_318_3,4,318,3,1600,2000
5_318_3_400_2000,5_318_3,4,318,3,2000,2400
5_318_3_400_2400,5_318_3,4,318,3,2400,2800
5_540_1_400_0,5_540_1,4,540,1,0,400
5_540_1_400_400,5_540_1,4,540,1,400,800
5_540_1_400_800,5_540_1,4,540,1,800,1200
5_540_1_400_1200,5_540_1,4,540,1,1200,1600
5_540_1_400_1600,5_540_1,4,540,1,1600,2000
5_540_1_400_2000,5_540_1,4,540,1,2000,2400
5_540_1_400_2400,5_540_1,4,540,1,2400,2800
5_540_2_400_0,5_540_2,4,540,2,0,400
5_540_2_400_400,5_540_2,4,540,2,400,800
5_540_2_400_800,5_540_2,4,540,2,800,1200
5_540_2_400_1200,5_540_2,4,540,2,1200,1600
5_540_2_400_1600,5_540_2,4,540,2,1600,2000
5_540_2_400_2000,5_540_2,4,540,2,2000,2400
5_540_3_400_0,5_540_3,4,540,3,0,400
5_540_3_400_400,5_540_3,4,540,3,400,800
5_540_3_400_800,5_540_3,4,540,3,800,1200
5_540_3_400_1200,5_540_3,4,540,3,1200,1600
5_540_3_400_1600,5_540_3,4,540,3,1600,2000
5_540_3_400_2000,5_540_3,4,540,3,2000,2400
6_159_1_400_0,6_159_1,5,159,1,0,400
6_159_1_400_400,6_159_1,5,159,1,400,800
6_159_1_400_800,6_159_1,5,159,1,800,1200
6_159_1_400_1200,6_159_1,5,159,1,1200,1600
6_159_1_400_1600,6_159_1,5,159,1,1600,2000
6_159_10_400_0,6_159_10,5,159,10,0,400
6_159_10_400_400,6_159_10,5,159,10,400,800
6_159_10_400_800,6_159_10,5,159,10,800,1200
6_159_10_400_1200,6_159_10,5,159,10,1200,1600
6_159_10_400_1600,6_159_10,5,159,10,1600,2000
6_159_10_400_2000,6_159_10,5,159,10,2000,2400
6_159_10_400_2400,6_159_10,5,159,10,2400,2800
6_159_11_400_0,6_159_11,5,159,11,0,400
6_159_11_400_400,6_159_11,5,159,11,400,800
6_159_11_400_800,6_159_11,5,159,11,800,1200
6_159_11_400_1200,6_159_11,5,159,11,1200,1600
6_159_11_400_1600,6_159_11,5,159,11,1600,2000
6_159_11_400_2000,6_159_11,5,159,11,2000,2400
6_159_11_400_2400,6_159_11,5,159,11,2400,2800
6_159_12_400_0,6_159_12,5,159,12,0,400
6_159_12_400_400,6_159_12,5,159,12,400,800
6_159_12_400_800,6_159_12,5,159,12,800,1200
6_159_12_400_1200,6_159_12,5,159,12,1200,1600
6_159_12_400_1600,6_159_12,5,159,12,1600,2000
6_159_12_400_2000,6_159_12,5,159,12,2000,2400
6_159_12_400_2400,6_159_12,5,159,12,2400,2800
6_159_13_400_0,6_159_13,5,159,13,0,400
6_159_13_400_400,6_159_13,5,159,13,400,800
6_159_13_400_800,6_159_13,5,159,13,800,1200
6_159_13_400_1200,6_159_13,5,159,13,1200,1600
6_159_13_400_1600,6_159_13,5,159,13,1600,2000
6_159_13_400_2000,6_159_13,5,159,13,2000,2400
6_159_13_400_2400,6_159_13,5,159,13,2400,2800
6_159_14_400_0,6_159_14,5,159,14,0,400
6_159_14_400_400,6_159_14,5,159,14,400,800
6_159_14_400_800,6_159_14,5,159,14,800,1200
6_159_14_400_1200,6_159_14,5,159,14,1200,1600
6_159_14_400_1600,6_159_14,5,159,14,1600,2000
6_159_14_400_2000,6_159_14,5,159,14,2000,2400
6_159_14_400_2400,6_159_14,5,159,14,2400,2800
6_159_2_400_0,6_159_2,5,159,2,0,400
6_159_2_400_400,6_159_2,5,159,2,400,800
6_159_2_400_800,6_159_2,5,159,2,800,1200
6_159_2_400_1200,6_159_2,5,159,2,1200,1600
6_159_2_400_1600,6_159_2,5,159,2,1600,2000
6_159_2_400_2000,6_159_2,5,159,2,2000,2400
6_159_2_400_2400,6_159_2,5,159,2,2400,2800
6_159_3_400_0,6_159_3,5,159,3,0,400
6_159_3_400_400,6_159_3,5,159,3,400,800
6_159_3_400_800,6_159_3,5,159,3,800,1200
6_159_3_400_1200,6_159_3,5,159,3,1200,1600
6_159_3_400_1600,6_159_3,5,159,3,1600,2000
6_159_4_400_0,6_159_4,5,159,4,0,400
6_159_4_400_400,6_159_4,5,159,4,400,800
6_159_4_400_800,6_159_4,5,159,4,800,1200
6_159_4_400_1200,6_159_4,5,159,4,1200,1600
6_159_4_400_1600,6_159_4,5,159,4,1600,2000
6_159_5_400_0,6_159_5,5,159,5,0,400
6_159_5_400_400,6_159_5,5,159,5,400,800
6_159_5_400_800,6_159_5,5,159,5,800,1200
6_159_5_400_1200,6_159_5,5,159,5,1200,1600
6_159_5_400_1600,6_159_5,5,159,5,1600,2000
6_159_6_400_0,6_159_6,5,159,6,0,400
6_159_6_400_400,6_159_6,5,159,6,400,800
6_159_6_400_800,6_159_6,5,159,6,800,1200
6_159_6_400_1200,6_159_6,5,159,6,1200,1600
6_159_6_400_1600,6_159_6,5,159,6,1600,2000
6_159_6_400_2000,6_159_6,5,159,6,2000,2400
6_159_7_400_0,6_159_7,5,159,7,0,400
6_159_7_400_400,6_159_7,5,159,7,400,800
6_159_7_400_800,6_159_7,5,159,7,800,1200
6_159_7_400_1200,6_159_7,5,159,7,1200,1600
6_159_7_400_1600,6_159_7,5,159,7,1600,2000
6_159_7_400_2000,6_159_7,5,159,7,2000,2400
6_159_7_400_2400,6_159_7,5,159,7,2400,2800
6_159_8_400_0,6_159_8,5,159,8,0,400
6_159_8_400_400,6_159_8,5,159,8,400,800
6_159_8_400_800,6_159_8,5,159,8,800,1200
6_159_8_400_1200,6_159_8,5,159,8,1200,1600
6_159_8_400_1600,6_159_8,5,159,8,1600,2000
6_159_8_400_2000,6_159_8,5,159,8,2000,2400
6_159_8_400_2400,6_159_8,5,159,8,2400,2800
6_159_8_400_2800,6_159_8,5,159,8,2800,3200
6_159_9_400_0,6_159_9,5,159,9,0,400
6_159_9_400_400,6_159_9,5,159,9,400,800
6_159_9_400_800,6_159_9,5,159,9,800,1200
6_159_9_400_1200,6_159_9,5,159,9,1200,1600
6_159_9_400_1600,6_159_9,5,159,9,1600,2000
6_159_9_400_2000,6_159_9,5,159,9,2000,2400
6_159_9_400_2400,6_159_9,5,159,9,2400,2800
6_318_1_400_0,6_318_1,5,318,1,0,400
6_318_1_400_400,6_318_1,5,318,1,400,800
6_318_1_400_800,6_318_1,5,318,1,800,1200
6_318_10_400_0,6_318_10,5,318,10,0,400
6_318_10_400_400,6_318_10,5,318,10,400,800
6_318_10_400_800,6_318_10,5,318,10,800,1200
6_318_10_400_1200,6_318_10,5,318,10,1200,1600
6_318_2_400_0,6_318_2,5,318,2,0,400
6_318_2_400_400,6_318_2,5,318,2,400,800
6_318_2_400_800,6_318_2,5,318,2,800,1200
6_318_2_400_1200,6_318_2,5,318,2,1200,1600
6_318_3_400_0,6_318_3,5,318,3,0,400
6_318_3_400_400,6_318_3,5,318,3,400,800
6_318_3_400_800,6_318_3,5,318,3,800,1200
6_318_3_400_1200,6_318_3,5,318,3,1200,1600
6_318_4_400_0,6_318_4,5,318,4,0,400
6_318_4_400_400,6_318_4,5,318,4,400,800
6_318_4_400_800,6_318_4,5,318,4,800,1200
6_318_4_400_1200,6_318_4,5,318,4,1200,1600
6_318_5_400_0,6_318_5,5,318,5,0,400
6_318_5_400_400,6_318_5,5,318,5,400,800
6_318_5_400_800,6_318_5,5,318,5,800,1200
6_318_5_400_1200,6_318_5,5,318,5,1200,1600
6_318_6_400_0,6_318_6,5,318,6,0,400
6_318_6_400_400,6_318_6,5,318,6,400,800
6_318_6_400_800,6_318_6,5,318,6,800,1200
6_318_6_400_1200,6_318_6,5,318,6,1200,1600
6_318_7_400_0,6_318_7,5,318,7,0,400
6_318_7_400_400,6_318_7,5,318,7,400,800
6_318_7_400_800,6_318_7,5,318,7,800,1200
6_318_7_400_1200,6_318_7,5,318,7,1200,1600
6_318_8_400_0,6_318_8,5,318,8,0,400
6_318_8_400_400,6_318_8,5,318,8,400,800
6_318_8_400_800,6_318_8,5,318,8,800,1200
6_318_8_400_1200,6_318_8,5,318,8,1200,1600
6_318_9_400_0,6_318_9,5,318,9,0,400
6_318_9_400_400,6_318_9,5,318,9,400,800
6_318_9_400_800,6_318_9,5,318,9,800,1200
6_318_9_400_1200,6_318_9,5,318,9,1200,1600
6_540_1_400_0,6_540_1,5,540,1,0,400
6_540_10_400_0,6_540_10,5,540,10,0,400
6_540_10_400_400,6_540_10,5,540,10,400,800
6_540_2_400_0,6_540_2,5,540,2,0,400
6_540_3_400_0,6_540_3,5,540,3,0,400
6_540_3_400_400,6_540_3,5,540,3,400,800
6_540_3_400_800,6_540_3,5,540,3,800,1200
6_540_4_400_0,6_540_4,5,540,4,0,400
6_540_4_400_400,6_540_4,5,540,4,400,800
6_540_5_400_0,6_540_5,5,540,5,0,400
6_540_5_400_400,6_540_5,5,540,5,400,800
6_540_6_400_0,6_540_6,5,540,6,0,400
6_540_6_400_400,6_540_6,5,540,6,400,800
6_540_7_400_0,6_540_7,5,540,7,0,400
6_540_7_400_400,6_540_7,5,540,7,400,800
6_540_8_400_0,6_540_8,5,540,8,0,400
6_540_8_400_400,6_540_8,5,540,8,400,800
6_540_9_400_0,6_540_9,5,540,9,0,400
6_540_9_400_400,6_540_9,5,540,9,400,800
