recording_id,condition,speed_rpm,p0,p1,p2,p3,p4,p5
0_159_1,0,159,0.41040882,0.4692206,0.079236105,0.0260013,0.0073928307,0.007740357
0_159_2,0,159,0.349082,0.5138584,0.08341712,0.039057855,0.013298313,0.0012862985
0_159_3,0,159,0.5323236,0.3864015,0.031584017,0.03393354,0.011990584,0.0037667998
0_318_1,0,318,0.4603777,0.46744734,0.05652821,0.0110052,0.004254739,0.00038677058
0_318_2,0,318,0.3398761,0.58239865,0.06585364,0.008527475,0.0028969343,0.0004471821
0_318_3,0,318,0.2505704,0.61857903,0.11299576,0.012249793,0.0035955901,0.0020094342
1_159_1,1,159,0.26477218,0.41815776,0.173881,0.04955651,0.009671834,0.08396075
1_159_2,1,159,0.43321812,0.4194522,0.04220563,0.076197304,0.027105607,0.0018211672
1_159_3,1,159,0.4687837,0.44214225,0.03575214,0.039171245,0.011930307,0.0022203047
1_318_1,1,318,0.22627084,0.46298385,0.18888739,0.0772198,0.04167781,0.0029602519
1_318_2,1,318,0.2910519,0.57193387,0.11302091,0.015796427,0.0070369486,0.0011598787
1_318_3,1,318,0.32191196,0.59439087,0.05667591,0.020494742,0.00606398,0.0004625165
1_540_1,1,540,0.24785379,0.5899893,0.13309051,0.020240454,0.007904522,0.00092145347
1_540_2,1,540,0.3222913,0.53964907,0.08998702,0.03665719,0.011062218,0.00035320272
2_159_1,2,159,0.16866864,0.29668158,0.40962172,0.07577362,0.035555217,0.013699181
2_159_2,2,159,0.15421766,0.3812274,0.30249816,0.10599601,0.05278342,0.0032773146
2_159_3,2,159,0.10644195,0.37359482,0.21470638,0.19259651,0.095272705,0.017387673
2_318_1,2,318,0.05642031,0.1672304,0.4503877,0.21037082,0.10268006,0.0129107
2_318_2,2,318,0.194623,0.30940092,0.15275005,0.18408638,0.15804662,0.0010930756
2_318_3,2,318,0.18889512,0.50097996,0.19769587,0.08273493,0.024717782,0.004976291
2_540_1,2,540,0.12968174,0.3229773,0.32067782,0.13914423,0.08416744,0.0033514495
2_540_2,2,540,0.17329216,0.22360604,0.23004375,0.25494847,0.117573746,0.00053582765
2_540_3,2,540,0.11253116,0.42584807,0.30330974,0.12390567,0.033517953,0.0008873694
3_159_1,3,159,0.011240641,0.0934867,0.586115,0.20079908,0.043288544,0.06506999
3_159_2,3,159,0.03300957,0.12807362,0.22759719,0.30183175,0.30894622,0.000541674
3_159_3,3,159,0.10881511,0.14360707,0.08134631,0.34304795,0.319451,0.0037325656
3_318_1,3,318,0.023915794,0.078686304,0.32214633,0.3775273,0.1899652,0.007759143
3_318_2,3,318,0.20313135,0.3982535,0.14141262,0.14992616,0.106342226,0.0009342126
3_318_3,3,318,0.030764932,0.10429291,0.10422834,0.31209457,0.44686747,0.0017518121
3_540_1,3,540,0.0012195593,0.003863804,0.10180835,0.24344677,0.648798,0.00086346245
3_540_2,3,540,0.03194446,0.033717033,0.19429466,0.3085662,0.43135202,0.00012555173
3_540_3,3,540,0.01904418,0.023281317,0.06872568,0.51916695,0.3696406,0.00014133347
5_159_1,4,159,0.1707477,0.14821778,0.032860164,0.13368952,0.5015776,0.012907245
5_159_2,4,159,0.07629441,0.069608934,0.03440358,0.2415456,0.5779203,0.00022717302
5_159_3,4,159,0.0027476812,0.006383429,0.007933036,0.08317021,0.89921635,0.0005493411
5_318_1,4,318,2.2153805e-05,0.00013041226,0.015574859,0.12535807,0.8579023,0.0010122363
5_318_2,4,318,0.00018563864,0.0003117871,0.01972227,0.1670799,0.812694,6.345872e-06
5_318_3,4,318,0.021488061,0.0468103,0.062327806,0.19256322,0.6765981,0.0002125581
5_540_1,4,540,0.26086178,0.12968095,0.034987118,0.09371188,0.4803059,0.00045237344
5_540_2,4,540,0.10613132,0.047722533,0.058408987,0.16972543,0.61785907,0.0001525567
5_540_3,4,540,0.0010204755,0.0059923977,0.065359116,0.1382297,0.7892718,0.00012652049
6_159_1,5,159,0.09653133,0.21766055,0.17200917,0.07520068,0.00787052,0.43072772
6_159_10,5,159,0.00035565568,0.00018269553,0.00047939213,0.00052160036,1.8090452e-05,0.9984426
6_159_11,5,159,0.0008940694,0.0016836316,0.005738058,0.07004039,0.00083055877,0.92081326
6_159_12,5,159,0.0026630072,0.0011908041,0.0011018473,0.0012822481,4.556296e-05,0.99371654
6_159_13,5,159,0.002244188,0.0011970892,0.0012318183,0.001078217,2.8283714e-05,0.9942204
6_159_14,5,159,0.0034738227,0.0015164715,0.0014066147,0.0015410669,7.409117e-05,0.9919879
6_159_2,5,159,0.05192058,0.09756408,0.090060666,0.022897854,0.0013084745,0.7362483
6_159_4,5,159,0.028507331,0.03093545,0.036878794,0.08682042,0.015498512,0.80135953
6_159_5,5,159,0.047445465,0.030797048,0.022327788,0.010638546,0.00049737527,0.88829374
6_159_6,5,159,0.0001705012,6.378661e-05,0.00014587094,0.00015668813,3.6729805e-06,0.99945956
6_159_7,5,159,0.000964054,0.0007327711,0.0017969828,0.0046510887,0.00017356745,0.9916816
6_159_8,5,159,0.0001856467,7.753444e-05,0.00017693781,0.00022347376,3.6494432e-06,0.9993327
6_159_9,5,159,0.00043972582,0.00035364414,0.0006393553,0.0004273992,1.7698514e-05,0.99812216
6_318_1,5,318,0.08786768,0.09402906,0.07069133,0.018217534,0.0016677232,0.72752666
6_318_2,5,318,0.0009159067,0.0006159401,0.0008906205,0.00087428646,2.4343415e-05,0.99667895
6_318_3,5,318,0.00031598215,0.00024250735,0.0005857758,0.00089317653,1.2180678e-05,0.9979503
6_318_4,5,318,0.009582727,0.008310887,0.009566611,0.0073067583,0.0005195939,0.96471345
6_318_5,5,318,0.009784055,0.007712166,0.012040602,0.009531557,0.0007347922,0.9601969
6_318_6,5,318,0.002267265,0.0015611914,0.0025399597,0.0026962864,9.80877e-05,0.99083734
6_318_8,5,318,0.0013816099,0.0008501715,0.0015440374,0.002255241,8.7307155e-05,0.9938816
6_318_9,5,318,0.0043078056,0.0030589397,0.004004119,0.0029665446,0.00013279277,0.9855297
6_540_10,5,540,0.0014128393,0.0019610485,0.00580241,0.0045645824,0.00013625245,0.98612285
6_540_3,5,540,0.0018630729,0.0019865774,0.0040159714,0.004059919,0.00013040462,0.987944
6_540_4,5,540,0.0017213108,0.0012130961,0.0016563254,0.0009538232,7.397679e-06,0.99444807
6_540_7,5,540,0.00017276389,0.0003317492,0.0024650176,0.0032969185,4.9039234e-05,0.99368453
6_540_8,5,540,0.0041123424,0.0034986644,0.005336079,0.0045178193,0.00016616691,0.98236895
