window_id,recording_id,condition,speed_rpm,repetition,start_idx,end_idx,p0,p1,p2,p3,p4,p5
0_159_1_400_1600,0_159_1,0,159,1,1600,2000,0.40636814,0.34752798,0.07328562,0.076633126,0.036212705,0.059972428
0_159_2_400_400,0_159_2,0,159,2,400,800,0.65243405,0.23087154,0.031247279,0.0667582,0.016938524,0.0017504471
0_159_2_400_800,0_159_2,0,159,2,800,1200,0.51072437,0.35281873,0.03957275,0.07703307,0.015565061,0.004286088
0_159_2_400_2400,0_159_2,0,159,2,2400,2800,0.49162367,0.36740458,0.036834527,0.0871554,0.016015438,0.00096635794
0_159_2_400_2800,0_159_2,0,159,2,2800,3200,0.5066574,0.18826337,0.058185708,0.19614366,0.050268248,0.00048155015
0_159_3_400_0,0_159_3,0,159,3,0,400,0.69017774,0.22836994,0.02212802,0.043794848,0.010398956,0.0051304763
0_159_3_400_400,0_159_3,0,159,3,400,800,0.69400305,0.2439237,0.017654512,0.03483844,0.00784161,0.0017386947
0_159_3_400_800,0_159_3,0,159,3,800,1200,0.71237105,0.18459213,0.029706694,0.056477066,0.016012384,0.00084056286
0_159_3_400_1600,0_159_3,0,159,3,1600,2000,0.5519852,0.3360519,0.030824602,0.05633397,0.014791871,0.010012509
0_159_3_400_4400,0_159_3,0,159,3,4400,4800,0.55594695,0.2956003,0.05804215,0.06041349,0.012193389,0.017803777
0_318_2_400_0,0_318_2,0,318,2,0,400,0.6811788,0.20921102,0.035976026,0.054969233,0.017207269,0.0014576429
0_318_2_400_800,0_318_2,0,318,2,800,1200,0.7482706,0.16749536,0.03221178,0.039852653,0.01122605,0.0009436416
0_318_2_400_1200,0_318_2,0,318,2,1200,1600,0.7453017,0.19169764,0.027713468,0.02736843,0.00649161,0.001427091
0_318_3_400_1200,0_318_3,0,318,3,1200,1600,0.66533554,0.24208458,0.06409185,0.021081137,0.004601861,0.002805026
0_540_1_400_400,0_540_1,0,540,1,400,800,0.40521958,0.16143216,0.090858355,0.26321384,0.078200445,0.0010756528
0_540_1_400_800,0_540_1,0,540,1,800,1200,0.45358822,0.20551255,0.11172089,0.17896862,0.046815347,0.00339439
0_540_3_400_0,0_540_3,0,540,3,0,400,0.21920526,0.31743884,0.2867189,0.1476127,0.02395428,0.0050700177
0_540_3_400_400,0_540_3,0,540,3,400,800,0.24716307,0.24072175,0.2420249,0.21735118,0.048034173,0.0047049155
0_540_3_400_800,0_540_3,0,540,3,800,1200,0.3247181,0.26156,0.24766299,0.14028153,0.020793248,0.004984103
0_540_3_400_1200,0_540_3,0,540,3,1200,1600,0.21952718,0.18442398,0.2091205,0.30720884,0.07585672,0.0038628136
0_540_3_400_1600,0_540_3,0,540,3,1600,2000,0.33795515,0.26383618,0.1828959,0.16026627,0.04979576,0.0052507757
1_159_1_400_400,1_159_1,1,159,1,400,800,0.21678214,0.44412893,0.2853287,0.026076755,0.009934881,0.017748514
1_159_1_400_800,1_159_1,1,159,1,800,1200,0.6339918,0.271023,0.03446877,0.043429285,0.01629232,0.00079485006
1_159_1_400_2400,1_159_1,1,159,1,2400,2800,0.6526726,0.25574562,0.047923744,0.028909488,0.009812429,0.0049361563
1_159_1_400_4000,1_159_1,1,159,1,4000,4400,0.37982097,0.40648195,0.11426096,0.07905501,0.009902579,0.010478499
1_159_2_400_800,1_159_2,1,159,2,800,1200,0.5828224,0.33888844,0.034617223,0.035229757,0.0057940404,0.0026481994
1_159_3_400_800,1_159_3,1,159,3,800,1200,0.33054504,0.36251974,0.07352054,0.20418155,0.027621765,0.0016113508
1_159_3_400_2400,1_159_3,1,159,3,2400,2800,0.4167594,0.3297813,0.07913624,0.14631428,0.02255684,0.0054519647
1_159_3_400_2800,1_159_3,1,159,3,2800,3200,0.34256995,0.35908353,0.10113762,0.17382412,0.022032527,0.0013522081
1_159_3_400_3600,1_159_3,1,159,3,3600,4000,0.55947876,0.2820656,0.041454125,0.09986184,0.012069152,0.005070537
1_318_1_400_0,1_318_1,1,318,1,0,400,0.69715494,0.23565897,0.03649885,0.021463746,0.0073648207,0.001858694
1_318_1_400_800,1_318_1,1,318,1,800,1200,0.17821163,0.38895786,0.22363941,0.15236937,0.053207193,0.0036145071
1_318_1_400_1600,1_318_1,1,318,1,1600,2000,0.6899628,0.20402122,0.050670303,0.042608485,0.010044991,0.00269219
1_318_3_400_0,1_318_3,1,318,3,0,400,0.7013137,0.20281169,0.047076017,0.03705886,0.007454653,0.0042851637
1_318_3_400_1600,1_318_3,1,318,3,1600,2000,0.52641636,0.28078425,0.122018114,0.057274066,0.0086355405,0.004871716
1_318_3_400_2400,1_318_3,1,318,3,2400,2800,0.54969996,0.30192414,0.0987199,0.040265005,0.0072196596,0.0021713867
1_540_1_400_0,1_540_1,1,540,1,0,400,0.42735615,0.22342663,0.14064719,0.17446935,0.032281283,0.001819338
1_540_1_400_400,1_540_1,1,540,1,400,800,0.2721321,0.33133647,0.24736114,0.123421535,0.020953227,0.0047955276
1_540_2_400_0,1_540_2,1,540,2,0,400,0.08845923,0.2774027,0.48393375,0.12611823,0.020752791,0.0033333055
1_540_2_400_800,1_540_2,1,540,2,800,1200,0.1061279,0.20144121,0.47403127,0.18470676,0.03174899,0.0019438068
1_540_2_400_1200,1_540_2,1,540,2,1200,1600,0.2001444,0.25726795,0.29101846,0.2050952,0.042923156,0.0035507963
1_540_2_400_1600,1_540_2,1,540,2,1600,2000,0.26070282,0.26223513,0.2278508,0.21480557,0.032362543,0.0020430733
1_540_3_400_0,1_540_3,1,540,3,0,400,0.06433148,0.12392924,0.2744623,0.40155193,0.13278726,0.0029378305
1_540_3_400_400,1_540_3,1,540,3,400,800,0.16763914,0.14205149,0.26462972,0.35276464,0.06992566,0.0029893438
1_540_3_400_800,1_540_3,1,540,3,800,1200,0.118823074,0.16361341,0.3138225,0.3255141,0.076467924,0.0017590028
2_159_1_400_3600,2_159_1,2,159,1,3600,4000,0.00847641,0.058674492,0.3065145,0.29769722,0.2926066,0.036030788
2_159_2_400_800,2_159_2,2,159,2,800,1200,0.46683553,0.36602324,0.092124015,0.048837706,0.0071971207,0.018982386
2_159_2_400_1200,2_159_2,2,159,2,1200,1600,0.14108898,0.21477509,0.24394977,0.32080638,0.07880504,0.0005747897
2_159_2_400_2000,2_159_2,2,159,2,2000,2400,0.31994122,0.29393643,0.106527954,0.21309279,0.065707736,0.000793876
2_159_2_400_2400,2_159_2,2,159,2,2400,2800,0.57589865,0.25490972,0.08862253,0.04424711,0.008983613,0.027338387
2_159_2_400_4000,2_159_2,2,159,2,4000,4400,0.3498596,0.37138322,0.17683785,0.08653937,0.011984087,0.0033958924
2_159_3_400_400,2_159_3,2,159,3,400,800,0.04447904,0.12462888,0.33715704,0.4319528,0.055720247,0.0060619204
2_159_3_400_800,2_159_3,2,159,3,800,1200,0.33467174,0.4428056,0.13841765,0.069289476,0.012725889,0.0020896664
2_159_3_400_4000,2_159_3,2,159,3,4000,4400,0.33848476,0.36783808,0.18484795,0.07592027,0.009565944,0.023342961
2_318_1_400_0,2_318_1,2,318,1,0,400,0.20240004,0.1624679,0.3604538,0.2307751,0.035191398,0.00871168
2_318_1_400_3200,2_318_1,2,318,1,3200,3600,0.28458866,0.29735956,0.20038001,0.15457419,0.03647045,0.026627101
2_318_2_400_0,2_318_2,2,318,2,0,400,0.4969814,0.23510882,0.140194,0.09694041,0.028954946,0.0018204481
2_318_2_400_800,2_318_2,2,318,2,800,1200,0.22041853,0.11005267,0.1411529,0.42119774,0.10611309,0.0010650359
2_318_2_400_1200,2_318_2,2,318,2,1200,1600,0.16641337,0.12333538,0.17840275,0.37565273,0.15504152,0.0011542004
2_318_2_400_2000,2_318_2,2,318,2,2000,2400,0.22111398,0.11719521,0.15069649,0.38098317,0.12892959,0.0010814733
2_318_3_400_0,2_318_3,2,318,3,0,400,0.2672087,0.21249513,0.25980985,0.20456034,0.047668066,0.008257947
2_318_3_400_1600,2_318_3,2,318,3,1600,2000,0.1473576,0.18807502,0.3236396,0.2647684,0.06632511,0.009834271
2_318_3_400_2000,2_318_3,2,318,3,2000,2400,0.11700979,0.11331543,0.34840697,0.36917126,0.049046755,0.0030497932
2_540_1_400_1200,2_540_1,2,540,1,1200,1600,0.04335909,0.12400249,0.34715348,0.39863563,0.07847497,0.008374357
2_540_1_400_1600,2_540_1,2,540,1,1600,2000,0.016144354,0.05378133,0.20223564,0.60843337,0.11481694,0.0045883656
2_540_2_400_0,2_540_2,2,540,2,0,400,0.052977994,0.068513975,0.21967888,0.50587595,0.15189722,0.0010560114
2_540_2_400_800,2_540_2,2,540,2,800,1200,0.1138335,0.09479614,0.20551574,0.4551447,0.12985303,0.000856948
2_540_2_400_1200,2_540_2,2,540,2,1200,1600,0.15559389,0.15141861,0.2569557,0.32353374,0.11020453,0.002293526
2_540_3_400_1600,2_540_3,2,540,3,1600,2000,0.025605805,0.06654262,0.36586332,0.35873517,0.1794802,0.00377289
3_159_1_400_400,3_159_1,3,159,1,400,800,0.27223536,0.25693446,0.18948492,0.11923023,0.025826596,0.13628839
3_159_1_400_800,3_159_1,3,159,1,800,1200,4.938692e-06,0.0005195165,0.09679552,0.21801879,0.6843862,0.00027496106
3_159_1_400_1200,3_159_1,3,159,1,1200,1600,0.06652905,0.18564615,0.5618341,0.09077869,0.06611963,0.029092375
3_159_1_400_1600,3_159_1,3,159,1,1600,2000,4.2865762e-05,0.0020175125,0.17810583,0.32616985,0.4907793,0.0028846033
3_159_1_400_2400,3_159_1,3,159,1,2400,2800,9.6551936e-05,0.005066627,0.52724123,0.18555528,0.27517772,0.0068625906
3_159_1_400_3200,3_159_1,3,159,1,3200,3600,8.122501e-05,0.0011535967,0.036834456,0.37876275,0.57742304,0.0057449345
3_159_1_400_3600,3_159_1,3,159,1,3600,4000,0.008486458,0.115295306,0.5677483,0.2468571,0.059100937,0.0025118575
3_159_1_400_4000,3_159_1,3,159,1,4000,4400,7.2033345e-08,4.490907e-06,0.0016650329,0.030984204,0.9670614,0.0002847816
3_159_1_400_4400,3_159_1,3,159,1,4400,4800,0.028315678,0.19376467,0.5909751,0.14401378,0.03575101,0.0071797697
3_159_2_400_1600,3_159_2,3,159,2,1600,2000,0.036805302,0.028510736,0.02173395,0.7073339,0.20523123,0.00038490188
3_159_2_400_2400,3_159_2,3,159,2,2400,2800,0.23712732,0.2592973,0.21264036,0.24574886,0.043074686,0.002111443
3_159_2_400_4000,3_159_2,3,159,2,4000,4400,0.23232792,0.15059896,0.2171425,0.3680904,0.031376276,0.00046398735
3_159_2_400_4400,3_159_2,3,159,2,4400,4800,0.49541825,0.38613376,0.036810856,0.069520734,0.011476625,0.0006397657
3_318_1_400_400,3_318_1,3,318,1,400,800,0.0018951262,0.008967036,0.11730048,0.53196305,0.3017117,0.03816264
3_318_1_400_800,3_318_1,3,318,1,800,1200,0.0084910095,0.025070345,0.2126171,0.5032446,0.2074878,0.043089125
3_318_1_400_2000,3_318_1,3,318,1,2000,2400,0.016319018,0.06320275,0.27785006,0.30992416,0.30588192,0.026822075
3_318_2_400_0,3_318_2,3,318,2,0,400,0.31908935,0.118430816,0.09600489,0.35646525,0.108605795,0.0014039029
3_318_2_400_800,3_318_2,3,318,2,800,1200,0.08751986,0.030280972,0.032952275,0.51232964,0.3363603,0.0005569658
3_318_2_400_1600,3_318_2,3,318,2,1600,2000,0.26677153,0.13051146,0.04943442,0.39809912,0.15459277,0.0005906934
3_318_3_400_2000,3_318_3,3,318,3,2000,2400,0.019269112,0.04249463,0.049964894,0.48823348,0.39721587,0.002821981
3_318_3_400_2400,3_318_3,3,318,3,2400,2800,0.016423995,0.030711696,0.15327847,0.5998934,0.19828904,0.0014034227
3_540_1_400_0,3_540_1,3,540,1,0,400,0.25400904,0.08951205,0.07751122,0.41386467,0.16396222,0.0011408522
3_540_1_400_1600,3_540_1,3,540,1,1600,2000,0.0007478356,0.0026647362,0.03935556,0.554803,0.40021577,0.0022130818
3_540_1_400_2800,3_540_1,3,540,1,2800,3200,0.13083541,0.079724275,0.15180822,0.48162428,0.15425807,0.0017497339
3_540_2_400_2000,3_540_2,3,540,2,2000,2400,0.0022026987,0.0039959615,0.06235406,0.56313735,0.3681704,0.0001394935
3_540_3_400_1600,3_540_3,3,540,3,1600,2000,0.00082849286,0.0038870636,0.07509169,0.47184566,0.4480467,0.0003004038
5_159_1_400_1600,5_159_1,4,159,1,1600,2000,1.6900032e-14,8.012337e-13,7.6450615e-09,0.0013159148,0.9986841,5.241257e-09
5_159_1_400_2000,5_159_1,4,159,1,2000,2400,2.2570465e-08,4.3964107e-07,2.629005e-05,0.00643001,0.9934668,7.6532604e-05
5_159_1_400_2400,5_159_1,4,159,1,2400,2800,2.9213628e-14,1.8309633e-12,2.8688257e-08,0.0024561444,0.9975439,3.194215e-09
5_159_1_400_2800,5_159_1,4,159,1,2800,3200,1.2301561e-10,3.2583367e-09,1.3862181e-06,0.0018206304,0.998171,6.895311e-06
5_159_1_400_3600,5_159_1,4,159,1,3600,4000,2.104176e-11,4.2095685e-10,4.741968e-08,0.00091194344,0.99908745,5.47521e-07
5_159_2_400_800,5_159_2,4,159,2,800,1200,0.0025409241,0.0066698138,0.0090632755,0.5451776,0.43651542,3.294795e-05
5_159_2_400_2800,5_159_2,4,159,2,2800,3200,0.00013172187,0.00031179682,0.0027076358,0.4085196,0.58832693,2.2619065e-06
5_159_3_400_0,5_159_3,4,159,3,0,400,0.48976165,0.36705777,0.054437116,0.071024194,0.015052709,0.0026664927
5_159_3_400_400,5_159_3,4,159,3,400,800,2.2734538e-07,4.1103126e-06,0.00010214317,0.030578123,0.96927243,4.290845e-05
5_159_3_400_800,5_159_3,4,159,3,800,1200,6.672846e-06,6.9856746e-05,0.0008268819,0.16026445,0.8388232,8.919451e-06
5_159_3_400_3200,5_159_3,4,159,3,3200,3600,2.2060158e-07,3.3822348e-06,5.498164e-05,0.07483378,0.9251068,7.4300175e-07
5_318_1_400_1200,5_318_1,4,318,1,1200,1600,0.004156102,0.015786191,0.1356091,0.35054368,0.4891402,0.004764628
5_318_1_400_2000,5_318_1,4,318,1,2000,2400,5.131256e-07,1.2456748e-05,0.0013876682,0.03539478,0.9631197,8.492767e-05
5_318_1_400_2800,5_318_1,4,318,1,2800,3200,0.004168244,0.0107427,0.059819892,0.3525359,0.57182854,0.0009047305
5_318_2_400_0,5_318_2,4,318,2,0,400,0.03355632,0.0901858,0.121932484,0.41412356,0.339109,0.001092776
5_318_2_400_400,5_318_2,4,318,2,400,800,1.4762299e-05,1.3600834e-05,0.0007893028,0.25267398,0.74650806,3.9021947e-07
5_318_2_400_1200,5_318_2,4,318,2,1200,1600,0.0035773779,0.0022912845,0.011942586,0.52346414,0.45869687,2.7757786e-05
5_318_3_400_1200,5_318_3,4,318,3,1200,1600,6.748099e-05,0.00017331321,0.003439698,0.21484305,0.78144395,3.2554526e-05
5_318_3_400_2400,5_318_3,4,318,3,2400,2800,1.3277303e-06,1.0254196e-05,0.00052584993,0.103437126,0.89601976,5.721598e-06
5_540_1_400_400,5_540_1,4,540,1,400,800,0.005752352,0.0083534485,0.02948223,0.3351302,0.6198778,0.0014039016
5_540_1_400_800,5_540_1,4,540,1,800,1200,0.0011874072,0.0026128264,0.020077568,0.36606342,0.60795397,0.0021048791
5_540_1_400_2000,5_540_1,4,540,1,2000,2400,2.3174628e-06,2.0195805e-05,0.0012418305,0.08592116,0.91275954,5.4988905e-05
5_540_1_400_2400,5_540_1,4,540,1,2400,2800,4.7306194e-06,2.9014673e-05,0.0017365112,0.07188483,0.92626387,8.093035e-05
5_540_2_400_400,5_540_2,4,540,2,400,800,0.00037978298,0.0003752066,0.015222437,0.44392928,0.5400691,2.421577e-05
5_540_3_400_0,5_540_3,4,540,3,0,400,0.0483604,0.09857214,0.23619522,0.46516904,0.14378817,0.00791498
6_159_10_400_400,6_159_10,5,159,10,400,800,0.00076034904,0.00017632528,0.000431154,0.000180031,4.4702323e-05,0.9984074
6_159_10_400_800,6_159_10,5,159,10,800,1200,0.0011877068,0.00027093815,0.00027909887,7.066672e-05,1.8839184e-05,0.99817276
6_159_10_400_2000,6_159_10,5,159,10,2000,2400,0.0007328364,0.00019748321,0.00020692096,8.122329e-05,2.4602497e-05,0.9987569
6_159_10_400_2400,6_159_10,5,159,10,2400,2800,0.00032612841,0.00010027234,0.00035467392,0.0002480751,8.430887e-05,0.99888664
6_159_11_400_400,6_159_11,5,159,11,400,800,0.011417641,0.0028709844,0.0010898404,0.00054838526,0.000238373,0.98383474
6_159_11_400_800,6_159_11,5,159,11,800,1200,0.013937951,0.0031079373,0.00057384354,8.221587e-05,3.7276222e-05,0.98226076
6_159_12_400_1200,6_159_12,5,159,12,1200,1600,0.0004949204,0.00026377285,0.00027059956,0.00026368382,0.00030419976,0.9984029
6_159_12_400_2000,6_159_12,5,159,12,2000,2400,0.0025266393,0.0016075942,0.00060978124,0.00018379992,0.00013968405,0.9949325
6_159_13_400_2400,6_159_13,5,159,13,2400,2800,0.0012447268,0.0007876419,0.0006041289,0.000358234,0.0002593563,0.9967458
6_159_14_400_0,6_159_14,5,159,14,0,400,0.007262083,0.0041640284,0.0017548014,0.0005226197,0.00031813324,0.9859784
6_159_14_400_2000,6_159_14,5,159,14,2000,2400,0.0006005796,0.0002896025,0.0002482283,0.00021771528,0.0002085865,0.9984353
6_159_2_400_800,6_159_2,5,159,2,800,1200,0.2129429,0.06375801,0.093966685,0.03214826,0.0033270074,0.5938571
6_159_2_400_1600,6_159_2,5,159,2,1600,2000,0.101797834,0.019665832,0.01813436,0.014896808,0.0030982762,0.8424069
6_159_2_400_2400,6_159_2,5,159,2,2400,2800,0.21563031,0.068992764,0.10128778,0.026270406,0.002984253,0.58483446
6_159_3_400_400,6_159_3,5,159,3,400,800,0.018503977,0.0040069474,0.0034689645,0.0018010659,0.0005005593,0.97171855
6_159_3_400_800,6_159_3,5,159,3,800,1200,0.24592435,0.06339407,0.04399833,0.011934972,0.002490124,0.6322582
6_159_3_400_1200,6_159_3,5,159,3,1200,1600,0.22993675,0.2247478,0.18792145,0.073908195,0.021099448,0.26238638
6_159_4_400_400,6_159_4,5,159,4,400,800,7.327785e-05,0.00013376355,0.0023135678,0.012810398,0.008150261,0.9765188
6_159_4_400_1600,6_159_4,5,159,4,1600,2000,5.1175084e-06,1.0392284e-05,0.00088425365,0.006758511,0.016867468,0.9754743
6_159_6_400_800,6_159_6,5,159,6,800,1200,0.009146767,0.0019748537,0.002982179,0.0012118532,0.00026283125,0.9844215
6_159_6_400_2000,6_159_6,5,159,6,2000,2400,0.007823941,0.0023983065,0.0022431058,0.0011730368,0.0005328226,0.98582876
6_159_7_400_0,6_159_7,5,159,7,0,400,0.001406271,0.00065838406,0.0008375209,0.0007728212,0.00042814462,0.9958968
6_159_8_400_0,6_159_8,5,159,8,0,400,0.00042007363,0.00011384495,0.00023515955,0.00014379936,4.3131087e-05,0.999044
6_159_8_400_400,6_159_8,5,159,8,400,800,0.0019792018,0.0009468977,0.0014299876,0.0007709145,0.00030381815,0.9945692
6_159_8_400_800,6_159_8,5,159,8,800,1200,0.00094036234,0.00017842016,0.00061369606,0.00026946573,3.9486076e-05,0.99795854
6_159_8_400_1600,6_159_8,5,159,8,1600,2000,0.0004935754,0.00015552621,0.00024311683,0.00022854444,0.00014911605,0.9987301
6_318_1_400_800,6_318_1,5,318,1,800,1200,0.016556863,0.012827623,0.005381451,0.002811733,0.0025166443,0.9599057
6_318_10_400_1200,6_318_10,5,318,10,1200,1600,0.001927862,0.0014449639,0.0016481222,0.0018823078,0.001699425,0.9913974
6_318_2_400_0,6_318_2,5,318,2,0,400,0.004492654,0.0031850333,0.001579777,0.0018868152,0.0014591995,0.98739654
6_318_2_400_800,6_318_2,5,318,2,800,1200,0.0039344444,0.0037582226,0.002634401,0.002946531,0.0020264233,0.98469996
6_318_3_400_0,6_318_3,5,318,3,0,400,0.002226071,0.0024513535,0.004807825,0.006654845,0.0020468477,0.9818131
6_318_4_400_400,6_318_4,5,318,4,400,800,0.004572409,0.0030674264,0.002004268,0.0029707644,0.0021439937,0.9852411
6_318_5_400_1200,6_318_5,5,318,5,1200,1600,0.0027212368,0.00218053,0.0021608802,0.0016567553,0.0014533312,0.98982716
6_318_6_400_0,6_318_6,5,318,6,0,400,0.0026868144,0.002179457,0.0019963472,0.0012844806,0.0005663717,0.9912866
6_318_6_400_1200,6_318_6,5,318,6,1200,1600,0.0017600905,0.0011223953,0.0020588674,0.001672841,0.0006869868,0.9926987
6_318_7_400_800,6_318_7,5,318,7,800,1200,0.0029870146,0.0024301494,0.0021651373,0.0025071015,0.0018955122,0.9880151
6_318_8_400_0,6_318_8,5,318,8,0,400,0.004672642,0.0032740019,0.0030745654,0.003632244,0.002430855,0.98291564
6_318_8_400_400,6_318_8,5,318,8,400,800,0.0013764115,0.000965268,0.00091721275,0.0011704615,0.00090172596,0.9946689
6_318_8_400_800,6_318_8,5,318,8,800,1200,0.0047755945,0.0033535166,0.002553481,0.0016487369,0.0009954199,0.98667336
6_318_9_400_400,6_318_9,5,318,9,400,800,0.0031684341,0.0022796686,0.0015375582,0.0012587814,0.00093968556,0.9908159
6_540_1_400_0,6_540_1,5,540,1,0,400,0.0011058863,0.009408249,0.075190835,0.034099497,0.0030052066,0.87719035
6_540_3_400_0,6_540_3,5,540,3,0,400,0.0013595014,0.0017338098,0.0046426128,0.00661093,0.0023867046,0.9832665
6_540_3_400_400,6_540_3,5,540,3,400,800,0.0026290605,0.0027630934,0.004443733,0.0060275146,0.0029300607,0.9812066
6_540_4_400_0,6_540_4,5,540,4,0,400,0.0066797975,0.0050114063,0.0053265286,0.0065633804,0.004298034,0.9721209
6_540_5_400_400,6_540_5,5,540,5,400,800,0.0029572663,0.003424313,0.003113791,0.0028882378,0.0015769739,0.9860394
6_540_6_400_0,6_540_6,5,540,6,0,400,0.0027685682,0.003469611,0.004399281,0.008694874,0.0035240143,0.97714365
6_540_6_400_400,6_540_6,5,540,6,400,800,0.0017106317,0.002282596,0.0030194758,0.0053158486,0.0022499599,0.98542154
6_540_9_400_0,6_540_9,5,540,9,0,400,0.002265958,0.0034541192,0.0040442655,0.004036128,0.0018811664,0.9843183
6_540_9_400_400,6_540_9,5,540,9,400,800,0.0024047613,0.002612412,0.0036085083,0.004438784,0.0021177132,0.9848179
