recording_id,condition,speed_rpm,p0,p1,p2,p3,p4,p5
0_159_2,0,159,0.35475147,0.33972773,0.16691032,0.07648119,0.051275216,0.010854078
0_318_2,0,318,0.5114984,0.37881774,0.085554786,0.012921661,0.0059149186,0.0052925246
0_540_1,0,540,0.28593212,0.36578184,0.19618753,0.11267054,0.03487713,0.004550875
1_159_2,1,159,0.22688402,0.3181058,0.26566163,0.11780726,0.064005084,0.007536213
1_318_2,1,318,0.5524768,0.32549718,0.09442147,0.007560537,0.0070182,0.013025805
1_540_2,1,540,0.3562064,0.415614,0.17270261,0.03784065,0.013761374,0.00387498
2_159_1,2,159,0.09066782,0.20981827,0.12193411,0.10665922,0.4259569,0.04496366
2_318_1,2,318,0.19354323,0.36265075,0.100174405,0.09853267,0.15994725,0.0851517
2_540_1,2,540,0.15615566,0.5474327,0.046645403,0.13576539,0.095383346,0.018617518
3_159_1,3,159,0.101679705,0.18763208,0.10111615,0.08423758,0.49586642,0.02946803
3_318_1,3,318,0.07258719,0.14081068,0.034475353,0.1600908,0.48666984,0.105366066
3_540_3,3,540,0.053651422,0.09929281,0.344706,0.43754342,0.06323787,0.0015684433
5_159_3,4,159,0.023028653,0.05282027,0.025157237,0.8943857,0.0041761473,0.0004319949
5_318_3,4,318,0.0010185533,0.0063958014,0.10692779,0.8645019,0.02101103,0.00014492442
5_540_3,4,540,0.010549742,0.044380743,0.18828471,0.7251236,0.028728114,0.0029331285
6_159_1,5,159,0.106254235,0.15139022,0.038667694,0.008660071,0.06488763,0.6301402
6_159_12,5,159,0.0010360874,0.0020365783,0.0006267802,0.0002821915,0.00090030266,0.995118
6_159_2,5,159,0.058030244,0.029471887,0.13938202,0.007240534,0.013764997,0.75211036
6_159_4,5,159,0.009918017,0.011918991,0.0063388883,0.011263592,0.16716261,0.7933979
6_159_7,5,159,0.0009094495,0.0007573818,0.00085911475,0.0010295989,0.009479689,0.98696476
6_318_4,5,318,0.0018278759,0.010239804,0.0007931616,0.0020989403,0.0022340664,0.98280615
6_318_5,5,318,0.0017860944,0.0033751428,0.0017220384,0.0010427339,0.0028127409,0.98926127
6_318_6,5,318,0.002125094,0.004280877,0.0021749374,0.0014577284,0.003183506,0.9867779
6_540_1,5,540,0.057776995,0.16982162,0.06960702,0.046076156,0.0070578624,0.6496603
6_540_10,5,540,0.0018054633,0.010062332,0.0024958951,0.0077057546,0.007842226,0.97008836
6_540_7,5,540,0.0005960991,0.00713527,0.00087865494,0.013527273,0.01674876,0.9611139
6_540_8,5,540,0.002850268,0.011617223,0.0026913243,0.0057979315,0.005877141,0.971166
