window_id,recording_id,condition,speed_rpm,repetition,start_idx,end_idx,p0,p1,p2,p3,p4,p5
0_159_1_400_0,0_159_1,0,159,1,0,400,0.49978057,0.2383565,0.142263,0.061384145,0.027577009,0.030638715
0_159_1_400_400,0_159_1,0,159,1,400,800,0.34011188,0.27342832,0.2076953,0.06499392,0.028171657,0.085598886
0_159_1_400_800,0_159_1,0,159,1,800,1200,0.48208275,0.3120374,0.1292118,0.044573564,0.017928906,0.01416549
0_159_1_400_1200,0_159_1,0,159,1,1200,1600,0.36002025,0.25025603,0.16582306,0.10292807,0.11147503,0.00949754
0_159_1_400_1600,0_159_1,0,159,1,1600,2000,0.32830727,0.22505285,0.19901556,0.12368611,0.044848368,0.07908985
0_159_1_400_2000,0_159_1,0,159,1,2000,2400,0.24094129,0.3362584,0.3002836,0.06908468,0.026990145,0.02644188
0_159_1_400_2400,0_159_1,0,159,1,2400,2800,0.35683447,0.30841225,0.21938105,0.060024012,0.030471614,0.024876606
0_159_1_400_2800,0_159_1,0,159,1,2800,3200,0.39906043,0.27869245,0.19771485,0.062189292,0.031246336,0.031096658
0_159_1_400_3200,0_159_1,0,159,1,3200,3600,0.34586644,0.20031422,0.23919934,0.0805467,0.047755532,0.08631771
0_159_1_400_3600,0_159_1,0,159,1,3600,4000,0.23088247,0.3036296,0.23454845,0.14649874,0.058304604,0.02613616
0_159_1_400_4000,0_159_1,0,159,1,4000,4400,0.37031356,0.19253989,0.16469,0.11695943,0.142186,0.013311137
1_159_3_400_0,1_159_3,1,159,3,0,400,0.31328067,0.2557613,0.18572985,0.11339623,0.12053118,0.011300783
1_159_3_400_400,1_159_3,1,159,3,400,800,0.19645445,0.0631364,0.14511648,0.15563808,0.4234862,0.016168414
1_159_3_400_800,1_159_3,1,159,3,800,1200,0.3369092,0.16397077,0.16924842,0.16686215,0.13191783,0.031091603
1_159_3_400_1200,1_159_3,1,159,3,1200,1600,0.30451635,0.15565099,0.25754708,0.0882055,0.16724387,0.026836194
1_159_3_400_1600,1_159_3,1,159,3,1600,2000,0.44366595,0.17113869,0.11774168,0.106026806,0.14615616,0.015270669
1_159_3_400_2000,1_159_3,1,159,3,2000,2400,0.2020259,0.07639584,0.15794346,0.13419972,0.41848555,0.010949566
1_159_3_400_2400,1_159_3,1,159,3,2400,2800,0.33658764,0.16038688,0.21037258,0.13224462,0.12530735,0.035100926
1_159_3_400_2800,1_159_3,1,159,3,2800,3200,0.26237786,0.1189444,0.22220519,0.117494866,0.26060733,0.01837034
1_159_3_400_3200,1_159_3,1,159,3,3200,3600,0.4286271,0.18906893,0.13500649,0.11888551,0.11514288,0.013269083
1_159_3_400_3600,1_159_3,1,159,3,3600,4000,0.38440412,0.15637174,0.16764323,0.12926456,0.11842775,0.043888595
1_159_3_400_4000,1_159_3,1,159,3,4000,4400,0.32274124,0.22187553,0.23630334,0.092475936,0.110369846,0.016234081
2_159_2_400_0,2_159_2,2,159,2,0,400,0.36986586,0.41509503,0.13555144,0.04954942,0.017162953,0.012775341
2_159_2_400_400,2_159_2,2,159,2,400,800,0.09878886,0.11460273,0.13019046,0.2642063,0.3863427,0.0058689
2_159_2_400_800,2_159_2,2,159,2,800,1200,0.28070816,0.2525837,0.23595837,0.10313514,0.046361003,0.08125366
2_159_2_400_1200,2_159_2,2,159,2,1200,1600,0.121610224,0.21255535,0.20079502,0.25170216,0.20549166,0.0078456
2_159_2_400_1600,2_159_2,2,159,2,1600,2000,0.26504895,0.34053057,0.24573599,0.08992472,0.030708022,0.028051721
2_159_2_400_2000,2_159_2,2,159,2,2000,2400,0.16182953,0.1738384,0.1704985,0.22616921,0.25884435,0.008819968
2_159_2_400_2400,2_159_2,2,159,2,2400,2800,0.22589944,0.26976892,0.29008633,0.104950435,0.044503756,0.06479113
2_159_2_400_2800,2_159_2,2,159,2,2800,3200,0.117385745,0.16722915,0.1701507,0.29847085,0.23738925,0.009374267
2_159_2_400_3200,2_159_2,2,159,2,3200,3600,0.22605142,0.32252467,0.2353285,0.1293368,0.07257142,0.014187175
2_159_2_400_3600,2_159_2,2,159,2,3600,4000,0.2509467,0.24335435,0.18675722,0.18591467,0.11345509,0.019571977
2_159_2_400_4000,2_159_2,2,159,2,4000,4400,0.115991764,0.3132297,0.35354918,0.15052171,0.04523921,0.021468421
3_159_3_400_0,3_159_3,3,159,3,0,400,0.18829413,0.18171981,0.16033919,0.26707453,0.19018008,0.012392238
3_159_3_400_400,3_159_3,3,159,3,400,800,0.0032542776,0.00254349,0.037074182,0.2058552,0.7466235,0.004649279
3_159_3_400_800,3_159_3,3,159,3,800,1200,0.022363458,0.011382487,0.05563705,0.111349516,0.79566383,0.0036036684
3_159_3_400_1200,3_159_3,3,159,3,1200,1600,0.014026594,0.0049576173,0.026917249,0.18785472,0.7643691,0.0018746868
3_159_3_400_1600,3_159_3,3,159,3,1600,2000,0.095321625,0.045344383,0.11433422,0.15818372,0.5791912,0.0076248557
3_159_3_400_2000,3_159_3,3,159,3,2000,2400,0.01604919,0.005725181,0.052874956,0.11832022,0.7935736,0.013456762
3_159_3_400_2400,3_159_3,3,159,3,2400,2800,0.07339128,0.028956063,0.08658754,0.11481382,0.69084,0.005411224
3_159_3_400_2800,3_159_3,3,159,3,2800,3200,0.14385347,0.039252404,0.13441943,0.16161598,0.4970722,0.0237865
3_159_3_400_3200,3_159_3,3,159,3,3200,3600,0.13442667,0.04947439,0.164486,0.13745506,0.48761275,0.026545122
3_159_3_400_3600,3_159_3,3,159,3,3600,4000,0.03631532,0.013175052,0.09656306,0.091586456,0.75086546,0.011494602
3_159_3_400_4000,3_159_3,3,159,3,4000,4400,0.070992835,0.017162012,0.03358797,0.14999492,0.7250481,0.003214118
5_159_1_400_0,5_159_1,4,159,1,0,400,0.37913856,0.24987987,0.15463229,0.1275873,0.046000153,0.042761814
5_159_1_400_400,5_159_1,4,159,1,400,800,0.00124892,0.024342256,0.23449656,0.7080933,0.009292749,0.022526184
5_159_1_400_800,5_159_1,4,159,1,800,1200,4.7575245e-06,0.0012426728,0.116966546,0.8630673,0.0020269128,0.016691742
5_159_1_400_1200,5_159_1,4,159,1,1200,1600,1.18388066e-07,4.6585323e-05,0.027531117,0.96564883,0.0010561515,0.005717178
5_159_1_400_1600,5_159_1,4,159,1,1600,2000,1.24916335e-08,3.908976e-06,0.004936916,0.99182546,0.0030480877,0.00018563468
5_159_1_400_2000,5_159_1,4,159,1,2000,2400,0.00022056639,0.008094419,0.17713791,0.7918356,0.0052817236,0.017429773
5_159_1_400_2400,5_159_1,4,159,1,2400,2800,2.7990763e-09,1.7299357e-06,0.003396798,0.99424607,0.0022313315,0.00012409777
5_159_1_400_2800,5_159_1,4,159,1,2800,3200,2.1524322e-05,0.002387388,0.11921972,0.86161035,0.0015211125,0.0152399475
5_159_1_400_3200,5_159_1,4,159,1,3200,3600,0.00025405744,0.007655905,0.11039032,0.8458973,0.032711875,0.0030904757
5_159_1_400_3600,5_159_1,4,159,1,3600,4000,2.520372e-06,0.00023747009,0.026606247,0.96633476,0.0018818899,0.0049371156
5_159_1_400_4000,5_159_1,4,159,1,4000,4400,9.109737e-05,0.0017943542,0.03195231,0.91998106,0.045317136,0.00086401013
5_159_1_400_4400,5_159_1,4,159,1,4400,4800,0.08599241,0.1729421,0.32485706,0.27066,0.034684114,0.1108644
6_159_10_400_0,6_159_10,5,159,10,0,400,0.01880492,0.011715425,0.01883573,0.015259169,0.0046085226,0.93077624
6_159_10_400_400,6_159_10,5,159,10,400,800,0.003934836,0.002124862,0.0056475946,0.003600908,0.00073834317,0.9839535
6_159_10_400_800,6_159_10,5,159,10,800,1200,0.005668315,0.0027803713,0.005779451,0.0025273776,0.00054760824,0.98269695
6_159_10_400_1200,6_159_10,5,159,10,1200,1600,0.002466594,0.001156703,0.0021358526,0.0027140288,0.0009962388,0.99053055
6_159_10_400_1600,6_159_10,5,159,10,1600,2000,0.007441784,0.005761607,0.016425958,0.008862113,0.0016059199,0.9599026
6_159_10_400_2000,6_159_10,5,159,10,2000,2400,0.0040222676,0.0018255087,0.0040287785,0.0023609966,0.0005382491,0.9872241
6_159_10_400_2400,6_159_10,5,159,10,2400,2800,0.0024343878,0.0015186243,0.004062345,0.003811171,0.0008451829,0.98732823
6_159_3_400_0,6_159_3,5,159,3,0,400,0.30302316,0.30007887,0.2366258,0.0445898,0.018675055,0.097007304
6_159_3_400_400,6_159_3,5,159,3,400,800,0.05292865,0.02849841,0.03637978,0.019572822,0.005071739,0.8575486
6_159_3_400_800,6_159_3,5,159,3,800,1200,0.15460123,0.13996083,0.28384086,0.05821239,0.018177103,0.34520757
6_159_3_400_1200,6_159_3,5,159,3,1200,1600,0.1251261,0.20530455,0.37093154,0.13909389,0.022577263,0.13696666
6_159_3_400_1600,6_159_3,5,159,3,1600,2000,0.10490787,0.114597626,0.1999924,0.09438094,0.021583507,0.4645376
6_159_6_400_0,6_159_6,5,159,6,0,400,0.014180487,0.006362036,0.012323641,0.004953403,0.0009820578,0.9611983
6_159_6_400_400,6_159_6,5,159,6,400,800,0.0039908495,0.0020817774,0.0037760416,0.0042415615,0.0012761616,0.9846336
6_159_6_400_800,6_159_6,5,159,6,800,1200,0.016355865,0.013059808,0.032433532,0.011728701,0.0016909578,0.9247311
6_159_6_400_1200,6_159_6,5,159,6,1200,1600,0.0117864935,0.006083471,0.01106044,0.004599781,0.00095023104,0.9655196
6_159_6_400_1600,6_159_6,5,159,6,1600,2000,0.0025018465,0.0012716837,0.003252925,0.0023807317,0.0005799068,0.990013
6_159_6_400_2000,6_159_6,5,159,6,2000,2400,0.013028048,0.006635692,0.010051772,0.006414363,0.0018182654,0.9620518
6_159_8_400_0,6_159_8,5,159,8,0,400,0.0020906122,0.0011090596,0.0026866554,0.0023577171,0.0005705836,0.99118537
6_159_8_400_400,6_159_8,5,159,8,400,800,0.0063105896,0.0035548422,0.0068435534,0.0054945988,0.0014095479,0.97638685
6_159_8_400_800,6_159_8,5,159,8,800,1200,0.004600798,0.0031048236,0.012209827,0.0051543866,0.00090542436,0.9740248
6_159_8_400_1200,6_159_8,5,159,8,1200,1600,0.0104859015,0.0057049394,0.010698053,0.0048458283,0.0009426688,0.9673226
6_159_8_400_1600,6_159_8,5,159,8,1600,2000,0.0025319848,0.0014020993,0.0029246416,0.0035401313,0.0010418319,0.9885593
6_159_8_400_2000,6_159_8,5,159,8,2000,2400,0.0025641855,0.0018983934,0.0065256157,0.004020022,0.00067069504,0.984321
6_159_8_400_2400,6_159_8,5,159,8,2400,2800,0.0060691307,0.004004223,0.009548625,0.0060301903,0.0010641741,0.97328377
6_159_8_400_2800,6_159_8,5,159,8,2800,3200,0.0023857583,0.0014459533,0.0037183547,0.0030776935,0.00064752105,0.98872465
