epoch,train_loss
1,1.548283923239935
2,1.3065997986566453
3,1.227039865085057
4,1.188750215939113
5,1.1573351394562494
6,1.1078663950874692
7,1.0762817689350672
8,1.0548219510487147
9,1.0240867989403861
10,1.0065941299710954
11,1.00186706724621
12,0.9748254957653227
13,0.9749667133603778
14,0.9502179423967997
15,0.9861454225721813
16,0.9346718078567868
17,0.9578304404304141
18,0.9484618050711495
19,0.9149468683061146
20,0.9194335369836717
21,0.912840241477603
22,0.8902527264186314
23,0.8852551664624896
24,0.8388581048874628
25,0.868035668418521
